"Borough","Year","Name","Measure.Info","avg_value","male","female","felony","misdemeanor","violation","<18","18-24","25-44","45-64","65+","drug_use","larceny","DUI","assault","total_crime","crime_per_value","above_NAAQS_standard","start_season"
"Bronx",2009,"Fine Particulate Matter (PM2.5)","mcg per cubic meter",10.73,83068,16787,23900,73690,1878,11756,28075,42755,16691,578,32612,2894,1159,11883,99855,9306.15097856477,TRUE,"Summer"
"Bronx",2009,"Nitrogen Dioxide (NO2)","ppb",20.83,83068,16787,23900,73690,1878,11756,28075,42755,16691,578,32612,2894,1159,11883,99855,4793.80700912146,FALSE,"Summer"
"Bronx",2009,"Ozone (O3)","ppb",25.3,83068,16787,23900,73690,1878,11756,28075,42755,16691,578,32612,2894,1159,11883,99855,3946.83794466403,FALSE,"Summer"
"Bronx",2010,"Fine Particulate Matter (PM2.5)","mcg per cubic meter",12.12,83180,17355,22845,75393,2014,12449,29044,41934,16525,583,30938,3102,1144,12787,100535,8294.96699669967,TRUE,"Summer"
"Bronx",2010,"Nitrogen Dioxide (NO2)","ppb",19.42,83180,17355,22845,75393,2014,12449,29044,41934,16525,583,30938,3102,1144,12787,100535,5176.87950566426,FALSE,"Summer"
"Bronx",2010,"Ozone (O3)","ppb",33.16,83180,17355,22845,75393,2014,12449,29044,41934,16525,583,30938,3102,1144,12787,100535,3031.81544028951,FALSE,"Summer"
"Bronx",2011,"Fine Particulate Matter (PM2.5)","mcg per cubic meter",11.66,79875,17002,21684,72641,2168,11453,27911,40416,16501,596,29361,3682,954,12679,96877,8308.49056603774,TRUE,"Summer"
"Bronx",2011,"Nitrogen Dioxide (NO2)","ppb",18.31,79875,17002,21684,72641,2168,11453,27911,40416,16501,596,29361,3682,954,12679,96877,5290.93391589296,FALSE,"Summer"
"Bronx",2011,"Ozone (O3)","ppb",32.91,79875,17002,21684,72641,2168,11453,27911,40416,16501,596,29361,3682,954,12679,96877,2943.69492555454,FALSE,"Summer"
"Bronx",2012,"Fine Particulate Matter (PM2.5)","mcg per cubic meter",10.51,73923,16040,20403,66823,2341,8986,26319,38201,15904,553,25720,3825,941,13288,89963,8559.75261655566,TRUE,"Summer"
"Bronx",2012,"Nitrogen Dioxide (NO2)","ppb",17.02,73923,16040,20403,66823,2341,8986,26319,38201,15904,553,25720,3825,941,13288,89963,5285.72267920094,FALSE,"Summer"
"Bronx",2012,"Ozone (O3)","ppb",34.61,73923,16040,20403,66823,2341,8986,26319,38201,15904,553,25720,3825,941,13288,89963,2599.33545218145,FALSE,"Summer"
"Bronx",2013,"Fine Particulate Matter (PM2.5)","mcg per cubic meter",10.44,70518,15341,20346,63363,1810,7426,24067,38342,15455,569,21222,4363,1292,14096,85859,8224.04214559387,TRUE,"Summer"
"Bronx",2013,"Nitrogen Dioxide (NO2)","ppb",15.91,70518,15341,20346,63363,1810,7426,24067,38342,15455,569,21222,4363,1292,14096,85859,5396.54305468259,FALSE,"Summer"
"Bronx",2013,"Ozone (O3)","ppb",31.25,70518,15341,20346,63363,1810,7426,24067,38342,15455,569,21222,4363,1292,14096,85859,2747.488,FALSE,"Summer"
"Bronx",2014,"Fine Particulate Matter (PM2.5)","mcg per cubic meter",8.85,70702,14977,20787,61903,2758,6784,23636,38788,15883,588,20084,6485,1301,14474,85679,9681.24293785311,FALSE,"Summer"
"Bronx",2014,"Nitrogen Dioxide (NO2)","ppb",15.75,70702,14977,20787,61903,2758,6784,23636,38788,15883,588,20084,6485,1301,14474,85679,5439.93650793651,FALSE,"Summer"
"Bronx",2014,"Ozone (O3)","ppb",31.15,70702,14977,20787,61903,2758,6784,23636,38788,15883,588,20084,6485,1301,14474,85679,2750.52969502408,FALSE,"Summer"
"Bronx",2015,"Fine Particulate Matter (PM2.5)","mcg per cubic meter",9.9,62474,12986,19526,52880,2683,6204,21140,34320,13344,452,15588,6413,912,13514,75460,7622.22222222222,FALSE,"Summer"
"Bronx",2015,"Nitrogen Dioxide (NO2)","ppb",15.96,62474,12986,19526,52880,2683,6204,21140,34320,13344,452,15588,6413,912,13514,75460,4728.0701754386,FALSE,"Summer"
"Bronx",2015,"Ozone (O3)","ppb",30.39,62474,12986,19526,52880,2683,6204,21140,34320,13344,452,15588,6413,912,13514,75460,2483.05363606449,FALSE,"Summer"
"Bronx",2016,"Fine Particulate Matter (PM2.5)","mcg per cubic meter",8.29,57654,11558,20452,47859,578,5241,19025,32663,11828,455,13751,5654,1058,13485,69212,8348.85404101327,FALSE,"Summer"
"Bronx",2016,"Nitrogen Dioxide (NO2)","ppb",14.92,57654,11558,20452,47859,578,5241,19025,32663,11828,455,13751,5654,1058,13485,69212,4638.87399463807,FALSE,"Summer"
"Bronx",2016,"Ozone (O3)","ppb",33.09,57654,11558,20452,47859,578,5241,19025,32663,11828,455,13751,5654,1058,13485,69212,2091.6288909036,FALSE,"Summer"
"Bronx",2017,"Fine Particulate Matter (PM2.5)","mcg per cubic meter",9.58,51615,11206,19113,43255,107,4006,16451,31138,10788,438,12067,5767,974,13343,62821,6557.51565762004,FALSE,"Summer"
"Bronx",2017,"Nitrogen Dioxide (NO2)","ppb",14.97,51615,11206,19113,43255,107,4006,16451,31138,10788,438,12067,5767,974,13343,62821,4196.45958583834,FALSE,"Summer"
"Bronx",2017,"Ozone (O3)","ppb",28.85,51615,11206,19113,43255,107,4006,16451,31138,10788,438,12067,5767,974,13343,62821,2177.50433275563,FALSE,"Summer"
"Bronx",2018,"Fine Particulate Matter (PM2.5)","mcg per cubic meter",8.61,44879,10567,17269,37562,188,2862,12656,28992,10456,480,8788,5480,945,14101,55446,6439.7212543554,FALSE,"Summer"
"Bronx",2018,"Nitrogen Dioxide (NO2)","ppb",13.62,44879,10567,17269,37562,188,2862,12656,28992,10456,480,8788,5480,945,14101,55446,4070.92511013216,FALSE,"Summer"
"Bronx",2018,"Ozone (O3)","ppb",30.78,44879,10567,17269,37562,188,2862,12656,28992,10456,480,8788,5480,945,14101,55446,1801.36452241715,FALSE,"Summer"
"Bronx",2019,"Fine Particulate Matter (PM2.5)","mcg per cubic meter",7.99,39587,9228,17579,30709,223,2227,10476,26271,9329,512,6458,5061,758,13200,48815,6109.51188986233,FALSE,"Summer"
"Bronx",2019,"Nitrogen Dioxide (NO2)","ppb",13.14,39587,9228,17579,30709,223,2227,10476,26271,9329,512,6458,5061,758,13200,48815,3714.99238964992,FALSE,"Summer"
"Bronx",2019,"Ozone (O3)","ppb",29.87,39587,9228,17579,30709,223,2227,10476,26271,9329,512,6458,5061,758,13200,48815,1634.24840977569,FALSE,"Summer"
"Bronx",2020,"Fine Particulate Matter (PM2.5)","mcg per cubic meter",7.24,27102,5622,13773,18538,48,1498,7078,18102,5687,359,3277,3006,377,10685,32724,4519.88950276243,FALSE,"Summer"
"Bronx",2020,"Nitrogen Dioxide (NO2)","ppb",13.16,27102,5622,13773,18538,48,1498,7078,18102,5687,359,3277,3006,377,10685,32724,2486.62613981763,FALSE,"Summer"
"Bronx",2020,"Ozone (O3)","ppb",30.85,27102,5622,13773,18538,48,1498,7078,18102,5687,359,3277,3006,377,10685,32724,1060.74554294976,FALSE,"Summer"
"Brooklyn",2009,"Fine Particulate Matter (PM2.5)","mcg per cubic meter",10.92,97970,18903,29736,77544,9037,12192,32007,51838,20166,670,34427,3596,1940,15211,116873,10702.6556776557,TRUE,"Summer"
"Brooklyn",2009,"Nitrogen Dioxide (NO2)","ppb",20.14,97970,18903,29736,77544,9037,12192,32007,51838,20166,670,34427,3596,1940,15211,116873,5803.02879841112,FALSE,"Summer"
"Brooklyn",2009,"Ozone (O3)","ppb",26.27,97970,18903,29736,77544,9037,12192,32007,51838,20166,670,34427,3596,1940,15211,116873,4448.91511229539,FALSE,"Summer"
"Brooklyn",2010,"Fine Particulate Matter (PM2.5)","mcg per cubic meter",11.96,99058,18842,28792,78698,9808,12281,33358,51249,20278,734,33625,3471,1733,15361,117900,9857.85953177257,TRUE,"Summer"
"Brooklyn",2010,"Nitrogen Dioxide (NO2)","ppb",18.23,99058,18842,28792,78698,9808,12281,33358,51249,20278,734,33625,3471,1733,15361,117900,6467.36149204608,FALSE,"Summer"
"Brooklyn",2010,"Ozone (O3)","ppb",33.83,99058,18842,28792,78698,9808,12281,33358,51249,20278,734,33625,3471,1733,15361,117900,3485.07242092817,FALSE,"Summer"
"Brooklyn",2011,"Fine Particulate Matter (PM2.5)","mcg per cubic meter",11.57,98622,19142,29214,77778,10296,11939,33107,50191,21718,809,33624,3747,1448,15241,117764,10178.3923941227,TRUE,"Summer"
"Brooklyn",2011,"Nitrogen Dioxide (NO2)","ppb",18.14,98622,19142,29214,77778,10296,11939,33107,50191,21718,809,33624,3747,1448,15241,117764,6491.95148842337,FALSE,"Summer"
"Brooklyn",2011,"Ozone (O3)","ppb",33.19,98622,19142,29214,77778,10296,11939,33107,50191,21718,809,33624,3747,1448,15241,117764,3548.17716179572,FALSE,"Summer"
"Brooklyn",2012,"Fine Particulate Matter (PM2.5)","mcg per cubic meter",10.42,94356,18965,29099,73420,10275,10989,31784,48672,21087,789,27317,3653,1699,16144,113321,10875.3358925144,TRUE,"Summer"
"Brooklyn",2012,"Nitrogen Dioxide (NO2)","ppb",16.27,94356,18965,29099,73420,10275,10989,31784,48672,21087,789,27317,3653,1699,16144,113321,6965.02765826675,FALSE,"Summer"
"Brooklyn",2012,"Ozone (O3)","ppb",33.89,94356,18965,29099,73420,10275,10989,31784,48672,21087,789,27317,3653,1699,16144,113321,3343.78872823842,FALSE,"Summer"
"Brooklyn",2013,"Fine Particulate Matter (PM2.5)","mcg per cubic meter",10.27,91454,18114,29516,68504,10788,8884,29165,49678,20891,950,21903,4818,2045,16261,109568,10668.7439143135,TRUE,"Summer"
"Brooklyn",2013,"Nitrogen Dioxide (NO2)","ppb",15.75,91454,18114,29516,68504,10788,8884,29165,49678,20891,950,21903,4818,2045,16261,109568,6956.69841269841,FALSE,"Summer"
"Brooklyn",2013,"Ozone (O3)","ppb",31.13,91454,18114,29516,68504,10788,8884,29165,49678,20891,950,21903,4818,2045,16261,109568,3519.69161580469,FALSE,"Summer"
"Brooklyn",2014,"Fine Particulate Matter (PM2.5)","mcg per cubic meter",8.84,88859,17818,28973,66201,10422,7605,27490,49571,21064,947,19754,8262,2116,16057,106677,12067.5339366516,FALSE,"Summer"
"Brooklyn",2014,"Nitrogen Dioxide (NO2)","ppb",14.54,88859,17818,28973,66201,10422,7605,27490,49571,21064,947,19754,8262,2116,16057,106677,7336.79504814305,FALSE,"Summer"
"Brooklyn",2014,"Ozone (O3)","ppb",31.29,88859,17818,28973,66201,10422,7605,27490,49571,21064,947,19754,8262,2116,16057,106677,3409.30009587728,FALSE,"Summer"
"Brooklyn",2015,"Fine Particulate Matter (PM2.5)","mcg per cubic meter",9.46,77786,15405,27775,56117,8348,6937,23353,43988,18133,780,14610,7895,1533,14728,93191,9851.05708245243,FALSE,"Summer"
"Brooklyn",2015,"Nitrogen Dioxide (NO2)","ppb",14.09,77786,15405,27775,56117,8348,6937,23353,43988,18133,780,14610,7895,1533,14728,93191,6613.98154719659,FALSE,"Summer"
"Brooklyn",2015,"Ozone (O3)","ppb",32.48,77786,15405,27775,56117,8348,6937,23353,43988,18133,780,14610,7895,1533,14728,93191,2869.18103448276,FALSE,"Summer"
"Brooklyn",2016,"Fine Particulate Matter (PM2.5)","mcg per cubic meter",8.32,72600,15007,28784,52402,5381,5419,21802,42734,16785,867,13274,8063,1511,14525,87607,10529.6875,FALSE,"Summer"
"Brooklyn",2016,"Nitrogen Dioxide (NO2)","ppb",13.62,72600,15007,28784,52402,5381,5419,21802,42734,16785,867,13274,8063,1511,14525,87607,6432.23201174743,FALSE,"Summer"
"Brooklyn",2016,"Ozone (O3)","ppb",33.98,72600,15007,28784,52402,5381,5419,21802,42734,16785,867,13274,8063,1511,14525,87607,2578.19305473808,FALSE,"Summer"
"Brooklyn",2017,"Fine Particulate Matter (PM2.5)","mcg per cubic meter",9.09,66507,13575,27653,48448,3209,4819,18571,40379,15550,763,14029,7808,1440,13746,80082,8809.90099009901,FALSE,"Summer"
"Brooklyn",2017,"Nitrogen Dioxide (NO2)","ppb",13.44,66507,13575,27653,48448,3209,4819,18571,40379,15550,763,14029,7808,1440,13746,80082,5958.48214285714,FALSE,"Summer"
"Brooklyn",2017,"Ozone (O3)","ppb",30.26,66507,13575,27653,48448,3209,4819,18571,40379,15550,763,14029,7808,1440,13746,80082,2646.46397884997,FALSE,"Summer"
"Brooklyn",2018,"Fine Particulate Matter (PM2.5)","mcg per cubic meter",8.41,56510,11895,27126,39029,1682,3436,14760,35770,13641,798,9678,7525,1264,13487,68405,8133.76932223543,FALSE,"Summer"
"Brooklyn",2018,"Nitrogen Dioxide (NO2)","ppb",12.54,56510,11895,27126,39029,1682,3436,14760,35770,13641,798,9678,7525,1264,13487,68405,5454.94417862839,FALSE,"Summer"
"Brooklyn",2018,"Ozone (O3)","ppb",30.87,56510,11895,27126,39029,1682,3436,14760,35770,13641,798,9678,7525,1264,13487,68405,2215.90540978296,FALSE,"Summer"
"Brooklyn",2019,"Fine Particulate Matter (PM2.5)","mcg per cubic meter",8.19,48148,10140,26110,30620,1152,2989,12212,31042,11314,731,5402,7480,1123,12553,58288,7116.97191697192,FALSE,"Summer"
"Brooklyn",2019,"Nitrogen Dioxide (NO2)","ppb",13.4,48148,10140,26110,30620,1152,2989,12212,31042,11314,731,5402,7480,1123,12553,58288,4349.85074626866,FALSE,"Summer"
"Brooklyn",2019,"Ozone (O3)","ppb",31.07,48148,10140,26110,30620,1152,2989,12212,31042,11314,731,5402,7480,1123,12553,58288,1876.02188606373,FALSE,"Summer"
"Brooklyn",2020,"Fine Particulate Matter (PM2.5)","mcg per cubic meter",6.94,32168,6090,20057,17672,264,1688,7969,21061,7097,443,2773,4784,605,9784,38258,5512.68011527378,FALSE,"Summer"
"Brooklyn",2020,"Nitrogen Dioxide (NO2)","ppb",10.82,32168,6090,20057,17672,264,1688,7969,21061,7097,443,2773,4784,605,9784,38258,3535.8595194085,FALSE,"Summer"
"Brooklyn",2020,"Ozone (O3)","ppb",29.69,32168,6090,20057,17672,264,1688,7969,21061,7097,443,2773,4784,605,9784,38258,1288.58201414618,FALSE,"Summer"
"Manhattan",2009,"Fine Particulate Matter (PM2.5)","mcg per cubic meter",12.55,95125,19402,25333,76573,11770,8430,28460,51765,24743,1129,23309,6137,1856,8992,114527,9125.65737051793,TRUE,"Summer"
"Manhattan",2009,"Nitrogen Dioxide (NO2)","ppb",30.87,95125,19402,25333,76573,11770,8430,28460,51765,24743,1129,23309,6137,1856,8992,114527,3709.97732426304,FALSE,"Summer"
"Manhattan",2009,"Ozone (O3)","ppb",20.44,95125,19402,25333,76573,11770,8430,28460,51765,24743,1129,23309,6137,1856,8992,114527,5603.08219178082,FALSE,"Summer"
"Manhattan",2010,"Fine Particulate Matter (PM2.5)","mcg per cubic meter",13.41,94491,18694,23269,77851,11356,8219,28775,49888,25188,1115,22922,5839,1838,9218,113185,8440.34302759135,TRUE,"Summer"
"Manhattan",2010,"Nitrogen Dioxide (NO2)","ppb",28.52,94491,18694,23269,77851,11356,8219,28775,49888,25188,1115,22922,5839,1838,9218,113185,3968.61851332398,FALSE,"Summer"
"Manhattan",2010,"Ozone (O3)","ppb",28.21,94491,18694,23269,77851,11356,8219,28775,49888,25188,1115,22922,5839,1838,9218,113185,4012.22970577809,FALSE,"Summer"
"Manhattan",2011,"Fine Particulate Matter (PM2.5)","mcg per cubic meter",12.86,91535,19455,21334,77396,11528,7768,28887,48112,25050,1173,23037,5918,1598,9159,110990,8630.63763608087,TRUE,"Summer"
"Manhattan",2011,"Nitrogen Dioxide (NO2)","ppb",27.72,91535,19455,21334,77396,11528,7768,28887,48112,25050,1173,23037,5918,1598,9159,110990,4003.96825396825,FALSE,"Summer"
"Manhattan",2011,"Ozone (O3)","ppb",27.27,91535,19455,21334,77396,11528,7768,28887,48112,25050,1173,23037,5918,1598,9159,110990,4070.04033736707,FALSE,"Summer"
"Manhattan",2012,"Fine Particulate Matter (PM2.5)","mcg per cubic meter",11.85,90224,18730,20871,76774,10656,6789,28663,47267,25007,1228,21303,5251,1725,9283,108954,9194.43037974684,TRUE,"Summer"
"Manhattan",2012,"Nitrogen Dioxide (NO2)","ppb",25.83,90224,18730,20871,76774,10656,6789,28663,47267,25007,1228,21303,5251,1725,9283,108954,4218.11846689896,FALSE,"Summer"
"Manhattan",2012,"Ozone (O3)","ppb",29.21,90224,18730,20871,76774,10656,6789,28663,47267,25007,1228,21303,5251,1725,9283,108954,3730.02396439575,FALSE,"Summer"
"Manhattan",2013,"Fine Particulate Matter (PM2.5)","mcg per cubic meter",11.81,91525,18217,21593,75640,11839,5619,26958,49755,26017,1393,19031,7389,2047,9323,109742,9292.29466553768,TRUE,"Summer"
"Manhattan",2013,"Nitrogen Dioxide (NO2)","ppb",24.71,91525,18217,21593,75640,11839,5619,26958,49755,26017,1393,19031,7389,2047,9323,109742,4441.19789558883,FALSE,"Summer"
"Manhattan",2013,"Ozone (O3)","ppb",26.33,91525,18217,21593,75640,11839,5619,26958,49755,26017,1393,19031,7389,2047,9323,109742,4167.94530953285,FALSE,"Summer"
"Manhattan",2014,"Fine Particulate Matter (PM2.5)","mcg per cubic meter",10.27,88577,17611,21165,72622,11774,5306,25667,48470,25420,1325,17678,14157,1991,9257,106188,10339.6299902629,TRUE,"Summer"
"Manhattan",2014,"Nitrogen Dioxide (NO2)","ppb",22.69,88577,17611,21165,72622,11774,5306,25667,48470,25420,1325,17678,14157,1991,9257,106188,4679.94711326576,FALSE,"Summer"
"Manhattan",2014,"Ozone (O3)","ppb",27,88577,17611,21165,72622,11774,5306,25667,48470,25420,1325,17678,14157,1991,9257,106188,3932.88888888889,FALSE,"Summer"
"Manhattan",2015,"Fine Particulate Matter (PM2.5)","mcg per cubic meter",10.79,78424,15537,21050,62552,9674,4872,22884,44009,21143,1053,14709,13893,1506,9014,93961,8708.15569972196,TRUE,"Summer"
"Manhattan",2015,"Nitrogen Dioxide (NO2)","ppb",21.25,78424,15537,21050,62552,9674,4872,22884,44009,21143,1053,14709,13893,1506,9014,93961,4421.69411764706,FALSE,"Summer"
"Manhattan",2015,"Ozone (O3)","ppb",27.77,78424,15537,21050,62552,9674,4872,22884,44009,21143,1053,14709,13893,1506,9014,93961,3383.5433921498,FALSE,"Summer"
"Manhattan",2016,"Fine Particulate Matter (PM2.5)","mcg per cubic meter",9.49,70546,14811,21895,60220,2411,4032,20667,41245,18451,962,15373,13478,1410,9474,85357,8994.41517386723,FALSE,"Summer"
"Manhattan",2016,"Nitrogen Dioxide (NO2)","ppb",20.56,70546,14811,21895,60220,2411,4032,20667,41245,18451,962,15373,13478,1410,9474,85357,4151.60505836576,FALSE,"Summer"
"Manhattan",2016,"Ozone (O3)","ppb",30.3,70546,14811,21895,60220,2411,4032,20667,41245,18451,962,15373,13478,1410,9474,85357,2817.06270627063,FALSE,"Summer"
"Manhattan",2017,"Fine Particulate Matter (PM2.5)","mcg per cubic meter",10.43,62890,13315,20164,54035,1114,3248,17629,38311,16062,955,12995,13010,1335,9244,76205,7306.32790028763,TRUE,"Summer"
"Manhattan",2017,"Nitrogen Dioxide (NO2)","ppb",21.33,62890,13315,20164,54035,1114,3248,17629,38311,16062,955,12995,13010,1335,9244,76205,3572.66760431317,FALSE,"Summer"
"Manhattan",2017,"Ozone (O3)","ppb",25.33,62890,13315,20164,54035,1114,3248,17629,38311,16062,955,12995,13010,1335,9244,76205,3008.48795894197,FALSE,"Summer"
"Manhattan",2018,"Fine Particulate Matter (PM2.5)","mcg per cubic meter",9.74,50988,11594,20326,40761,617,2499,12095,32585,14551,852,7488,14386,1197,9427,62582,6425.25667351129,FALSE,"Summer"
"Manhattan",2018,"Nitrogen Dioxide (NO2)","ppb",19.67,50988,11594,20326,40761,617,2499,12095,32585,14551,852,7488,14386,1197,9427,62582,3181.59633960346,FALSE,"Summer"
"Manhattan",2018,"Ozone (O3)","ppb",26.98,50988,11594,20326,40761,617,2499,12095,32585,14551,852,7488,14386,1197,9427,62582,2319.57005189029,FALSE,"Summer"
"Manhattan",2019,"Fine Particulate Matter (PM2.5)","mcg per cubic meter",9.44,43926,9989,19054,33072,1065,2579,9646,28281,12511,898,5302,13040,938,9150,53915,5711.33474576271,FALSE,"Summer"
"Manhattan",2019,"Nitrogen Dioxide (NO2)","ppb",19.7,43926,9989,19054,33072,1065,2579,9646,28281,12511,898,5302,13040,938,9150,53915,2736.80203045685,FALSE,"Summer"
"Manhattan",2019,"Ozone (O3)","ppb",25.85,43926,9989,19054,33072,1065,2579,9646,28281,12511,898,5302,13040,938,9150,53915,2085.68665377176,FALSE,"Summer"
"Manhattan",2020,"Fine Particulate Matter (PM2.5)","mcg per cubic meter",7.8,27697,5558,14605,17832,123,1277,5916,18336,7279,447,2968,6694,339,6768,33255,4263.46153846154,FALSE,"Summer"
"Manhattan",2020,"Nitrogen Dioxide (NO2)","ppb",15.97,27697,5558,14605,17832,123,1277,5916,18336,7279,447,2968,6694,339,6768,33255,2082.34189104571,FALSE,"Summer"
"Manhattan",2020,"Ozone (O3)","ppb",28.77,27697,5558,14605,17832,123,1277,5916,18336,7279,447,2968,6694,339,6768,33255,1155.89155370177,FALSE,"Summer"
"Queens",2009,"Fine Particulate Matter (PM2.5)","mcg per cubic meter",10.27,65242,10843,18220,49801,6483,7258,22852,34574,10952,449,13141,3141,2734,9777,76085,7408.47127555988,TRUE,"Summer"
"Queens",2009,"Nitrogen Dioxide (NO2)","ppb",18.15,65242,10843,18220,49801,6483,7258,22852,34574,10952,449,13141,3141,2734,9777,76085,4192.01101928375,FALSE,"Summer"
"Queens",2009,"Ozone (O3)","ppb",26.85,65242,10843,18220,49801,6483,7258,22852,34574,10952,449,13141,3141,2734,9777,76085,2833.70577281192,FALSE,"Summer"
"Queens",2010,"Fine Particulate Matter (PM2.5)","mcg per cubic meter",11.53,64834,11607,18770,50098,6223,7746,23063,33974,11169,489,13654,3082,2465,10340,76441,6629.7484822203,TRUE,"Summer"
"Queens",2010,"Nitrogen Dioxide (NO2)","ppb",17.42,64834,11607,18770,50098,6223,7746,23063,33974,11169,489,13654,3082,2465,10340,76441,4388.11710677382,FALSE,"Summer"
"Queens",2010,"Ozone (O3)","ppb",34.07,64834,11607,18770,50098,6223,7746,23063,33974,11169,489,13654,3082,2465,10340,76441,2243.64543586733,FALSE,"Summer"
"Queens",2011,"Fine Particulate Matter (PM2.5)","mcg per cubic meter",11.23,61836,11367,18242,48386,5344,7533,22478,31779,10954,459,13707,3189,2288,10352,73203,6518.52181656278,TRUE,"Summer"
"Queens",2011,"Nitrogen Dioxide (NO2)","ppb",17.04,61836,11367,18242,48386,5344,7533,22478,31779,10954,459,13707,3189,2288,10352,73203,4295.95070422535,FALSE,"Summer"
"Queens",2011,"Ozone (O3)","ppb",33.72,61836,11367,18242,48386,5344,7533,22478,31779,10954,459,13707,3189,2288,10352,73203,2170.90747330961,FALSE,"Summer"
"Queens",2012,"Fine Particulate Matter (PM2.5)","mcg per cubic meter",10.06,59954,11068,18887,45455,5516,6595,21179,31671,11058,519,11748,3247,2309,10417,71022,7059.84095427435,TRUE,"Summer"
"Queens",2012,"Nitrogen Dioxide (NO2)","ppb",15.84,59954,11068,18887,45455,5516,6595,21179,31671,11058,519,11748,3247,2309,10417,71022,4483.71212121212,FALSE,"Summer"
"Queens",2012,"Ozone (O3)","ppb",34.5,59954,11068,18887,45455,5516,6595,21179,31671,11058,519,11748,3247,2309,10417,71022,2058.60869565217,FALSE,"Summer"
"Queens",2013,"Fine Particulate Matter (PM2.5)","mcg per cubic meter",10.09,64416,11503,20540,48633,5419,6019,21718,35238,12240,704,11462,4245,2468,11266,75919,7524.18235877106,TRUE,"Summer"
"Queens",2013,"Nitrogen Dioxide (NO2)","ppb",15.6,64416,11503,20540,48633,5419,6019,21718,35238,12240,704,11462,4245,2468,11266,75919,4866.60256410256,FALSE,"Summer"
"Queens",2013,"Ozone (O3)","ppb",31.6,64416,11503,20540,48633,5419,6019,21718,35238,12240,704,11462,4245,2468,11266,75919,2402.5,FALSE,"Summer"
"Queens",2014,"Fine Particulate Matter (PM2.5)","mcg per cubic meter",8.23,63968,11938,19896,49558,5121,5058,21247,36273,12676,652,10760,7376,2490,11350,75906,9223.08626974484,FALSE,"Summer"
"Queens",2014,"Nitrogen Dioxide (NO2)","ppb",13.66,63968,11938,19896,49558,5121,5058,21247,36273,12676,652,10760,7376,2490,11350,75906,5556.80819912152,FALSE,"Summer"
"Queens",2014,"Ozone (O3)","ppb",32.43,63968,11938,19896,49558,5121,5058,21247,36273,12676,652,10760,7376,2490,11350,75906,2340.61054579093,FALSE,"Summer"
"Queens",2015,"Fine Particulate Matter (PM2.5)","mcg per cubic meter",9.21,54688,11052,19621,41111,4024,4273,17742,31638,11471,616,8095,6778,1920,10872,65740,7137.89359391965,FALSE,"Summer"
"Queens",2015,"Nitrogen Dioxide (NO2)","ppb",13.47,54688,11052,19621,41111,4024,4273,17742,31638,11471,616,8095,6778,1920,10872,65740,4880.47512991834,FALSE,"Summer"
"Queens",2015,"Ozone (O3)","ppb",32.36,54688,11052,19621,41111,4024,4273,17742,31638,11471,616,8095,6778,1920,10872,65740,2031.52039555006,FALSE,"Summer"
"Queens",2016,"Fine Particulate Matter (PM2.5)","mcg per cubic meter",7.75,49843,10501,19324,37886,2265,3664,16429,29208,10405,638,7341,6180,1810,10618,60344,7786.32258064516,FALSE,"Summer"
"Queens",2016,"Nitrogen Dioxide (NO2)","ppb",13.08,49843,10501,19324,37886,2265,3664,16429,29208,10405,638,7341,6180,1810,10618,60344,4613.45565749235,FALSE,"Summer"
"Queens",2016,"Ozone (O3)","ppb",33.98,49843,10501,19324,37886,2265,3664,16429,29208,10405,638,7341,6180,1810,10618,60344,1775.86815773985,FALSE,"Summer"
"Queens",2017,"Fine Particulate Matter (PM2.5)","mcg per cubic meter",8.78,46415,9324,18471,35340,1314,3312,14183,28012,9576,656,7401,5906,1689,10675,55739,6348.40546697039,FALSE,"Summer"
"Queens",2017,"Nitrogen Dioxide (NO2)","ppb",13.42,46415,9324,18471,35340,1314,3312,14183,28012,9576,656,7401,5906,1689,10675,55739,4153.42771982116,FALSE,"Summer"
"Queens",2017,"Ozone (O3)","ppb",30.83,46415,9324,18471,35340,1314,3312,14183,28012,9576,656,7401,5906,1689,10675,55739,1807.94680506001,FALSE,"Summer"
"Queens",2018,"Fine Particulate Matter (PM2.5)","mcg per cubic meter",8.3,41353,8563,18297,30643,517,2522,11181,26350,9122,741,4931,5975,1457,10578,49916,6013.97590361446,FALSE,"Summer"
"Queens",2018,"Nitrogen Dioxide (NO2)","ppb",12.52,41353,8563,18297,30643,517,2522,11181,26350,9122,741,4931,5975,1457,10578,49916,3986.90095846645,FALSE,"Summer"
"Queens",2018,"Ozone (O3)","ppb",31.46,41353,8563,18297,30643,517,2522,11181,26350,9122,741,4931,5975,1457,10578,49916,1586.64971392244,FALSE,"Summer"
"Queens",2019,"Fine Particulate Matter (PM2.5)","mcg per cubic meter",7.72,36563,8004,17092,26792,359,2004,9428,23748,8615,772,2967,5805,1270,10532,44567,5772.9274611399,FALSE,"Summer"
"Queens",2019,"Nitrogen Dioxide (NO2)","ppb",13.06,36563,8004,17092,26792,359,2004,9428,23748,8615,772,2967,5805,1270,10532,44567,3412.4808575804,FALSE,"Summer"
"Queens",2019,"Ozone (O3)","ppb",32.18,36563,8004,17092,26792,359,2004,9428,23748,8615,772,2967,5805,1270,10532,44567,1384.92852703543,FALSE,"Summer"
"Queens",2020,"Fine Particulate Matter (PM2.5)","mcg per cubic meter",6.87,24949,5032,13970,15681,111,1149,6178,16513,5713,428,1765,3859,750,8584,29981,4364.04657933042,FALSE,"Summer"
"Queens",2020,"Nitrogen Dioxide (NO2)","ppb",10,24949,5032,13970,15681,111,1149,6178,16513,5713,428,1765,3859,750,8584,29981,2998.1,FALSE,"Summer"
"Queens",2020,"Ozone (O3)","ppb",30.52,24949,5032,13970,15681,111,1149,6178,16513,5713,428,1765,3859,750,8584,29981,982.339449541284,FALSE,"Summer"
"Staten Island",2009,"Fine Particulate Matter (PM2.5)","mcg per cubic meter",10.5,11158,2818,3925,9803,159,1678,4362,6030,1843,63,3721,686,405,1775,13976,1331.04761904762,TRUE,"Summer"
"Staten Island",2009,"Nitrogen Dioxide (NO2)","ppb",13.19,11158,2818,3925,9803,159,1678,4362,6030,1843,63,3721,686,405,1775,13976,1059.59059893859,FALSE,"Summer"
"Staten Island",2009,"Ozone (O3)","ppb",26.72,11158,2818,3925,9803,159,1678,4362,6030,1843,63,3721,686,405,1775,13976,523.053892215569,FALSE,"Summer"
"Staten Island",2010,"Fine Particulate Matter (PM2.5)","mcg per cubic meter",11.43,11287,2974,3848,10187,147,1882,4389,6038,1872,80,3864,644,382,1957,14261,1247.68153980752,TRUE,"Summer"
"Staten Island",2010,"Nitrogen Dioxide (NO2)","ppb",12.03,11287,2974,3848,10187,147,1882,4389,6038,1872,80,3864,644,382,1957,14261,1185.45303408146,FALSE,"Summer"
"Staten Island",2010,"Ozone (O3)","ppb",35.17,11287,2974,3848,10187,147,1882,4389,6038,1872,80,3864,644,382,1957,14261,405.487631504123,FALSE,"Summer"
"Staten Island",2011,"Fine Particulate Matter (PM2.5)","mcg per cubic meter",11.09,11268,2757,3714,10134,88,1727,4215,6102,1898,83,4106,524,475,2059,14025,1264.65284039675,TRUE,"Summer"
"Staten Island",2011,"Nitrogen Dioxide (NO2)","ppb",11.57,11268,2757,3714,10134,88,1727,4215,6102,1898,83,4106,524,475,2059,14025,1212.18668971478,FALSE,"Summer"
"Staten Island",2011,"Ozone (O3)","ppb",34.16,11268,2757,3714,10134,88,1727,4215,6102,1898,83,4106,524,475,2059,14025,410.567915690867,FALSE,"Summer"
"Staten Island",2012,"Fine Particulate Matter (PM2.5)","mcg per cubic meter",9.9,10454,2566,3559,9362,28,1328,3937,5883,1799,73,3335,603,433,2281,13020,1315.15151515152,FALSE,"Summer"
"Staten Island",2012,"Nitrogen Dioxide (NO2)","ppb",10.64,10454,2566,3559,9362,28,1328,3937,5883,1799,73,3335,603,433,2281,13020,1223.68421052632,FALSE,"Summer"
"Staten Island",2012,"Ozone (O3)","ppb",33.77,10454,2566,3559,9362,28,1328,3937,5883,1799,73,3335,603,433,2281,13020,385.549304116079,FALSE,"Summer"
"Staten Island",2013,"Fine Particulate Matter (PM2.5)","mcg per cubic meter",9.32,10259,2462,3781,8861,23,1202,3608,6016,1814,81,3069,997,549,1953,12721,1364.91416309013,FALSE,"Summer"
"Staten Island",2013,"Nitrogen Dioxide (NO2)","ppb",10.01,10259,2462,3781,8861,23,1202,3608,6016,1814,81,3069,997,549,1953,12721,1270.82917082917,FALSE,"Summer"
"Staten Island",2013,"Ozone (O3)","ppb",31.3,10259,2462,3781,8861,23,1202,3608,6016,1814,81,3069,997,549,1953,12721,406.421725239617,FALSE,"Summer"
"Staten Island",2014,"Fine Particulate Matter (PM2.5)","mcg per cubic meter",7.85,10547,2730,3899,9322,15,1185,3606,6235,2124,127,3244,1881,531,2123,13277,1691.33757961783,FALSE,"Summer"
"Staten Island",2014,"Nitrogen Dioxide (NO2)","ppb",9.26,10547,2730,3899,9322,15,1185,3606,6235,2124,127,3244,1881,531,2123,13277,1433.80129589633,FALSE,"Summer"
"Staten Island",2014,"Ozone (O3)","ppb",31.41,10547,2730,3899,9322,15,1185,3606,6235,2124,127,3244,1881,531,2123,13277,422.699777141038,FALSE,"Summer"
"Staten Island",2015,"Fine Particulate Matter (PM2.5)","mcg per cubic meter",8.68,8850,2268,3563,7509,13,905,2741,5479,1876,117,2204,1509,546,1942,11118,1280.87557603687,FALSE,"Summer"
"Staten Island",2015,"Nitrogen Dioxide (NO2)","ppb",8.85,8850,2268,3563,7509,13,905,2741,5479,1876,117,2204,1509,546,1942,11118,1256.27118644068,FALSE,"Summer"
"Staten Island",2015,"Ozone (O3)","ppb",32.59,8850,2268,3563,7509,13,905,2741,5479,1876,117,2204,1509,546,1942,11118,341.14759128567,FALSE,"Summer"
"Staten Island",2016,"Fine Particulate Matter (PM2.5)","mcg per cubic meter",7.8,9834,2510,3967,8296,11,913,3064,6119,2121,127,2503,1575,641,1901,12344,1582.5641025641,FALSE,"Summer"
"Staten Island",2016,"Nitrogen Dioxide (NO2)","ppb",9.17,9834,2510,3967,8296,11,913,3064,6119,2121,127,2503,1575,641,1901,12344,1346.12868047983,FALSE,"Summer"
"Staten Island",2016,"Ozone (O3)","ppb",35.11,9834,2510,3967,8296,11,913,3064,6119,2121,127,2503,1575,641,1901,12344,351.580746226146,FALSE,"Summer"
"Staten Island",2017,"Fine Particulate Matter (PM2.5)","mcg per cubic meter",8.13,8944,2434,3733,7565,14,779,2719,5681,2081,118,2133,1582,631,1897,11378,1399.50799507995,FALSE,"Summer"
"Staten Island",2017,"Nitrogen Dioxide (NO2)","ppb",9.45,8944,2434,3733,7565,14,779,2719,5681,2081,118,2133,1582,631,1897,11378,1204.02116402116,FALSE,"Summer"
"Staten Island",2017,"Ozone (O3)","ppb",28.46,8944,2434,3733,7565,14,779,2719,5681,2081,118,2133,1582,631,1897,11378,399.789177793394,FALSE,"Summer"
"Staten Island",2018,"Fine Particulate Matter (PM2.5)","mcg per cubic meter",7.53,8168,2256,3525,6800,13,621,2072,5450,2152,129,1709,1490,611,1918,10424,1384.32934926959,FALSE,"Summer"
"Staten Island",2018,"Nitrogen Dioxide (NO2)","ppb",8.23,8168,2256,3525,6800,13,621,2072,5450,2152,129,1709,1490,611,1918,10424,1266.58566221142,FALSE,"Summer"
"Staten Island",2018,"Ozone (O3)","ppb",29.81,8168,2256,3525,6800,13,621,2072,5450,2152,129,1709,1490,611,1918,10424,349.681314994968,FALSE,"Summer"
"Staten Island",2019,"Fine Particulate Matter (PM2.5)","mcg per cubic meter",7.38,7093,1939,3549,5416,23,478,1799,4848,1782,125,942,1268,564,1761,9032,1223.84823848238,FALSE,"Summer"
"Staten Island",2019,"Nitrogen Dioxide (NO2)","ppb",9.84,7093,1939,3549,5416,23,478,1799,4848,1782,125,942,1268,564,1761,9032,917.886178861789,FALSE,"Summer"
"Staten Island",2019,"Ozone (O3)","ppb",29.29,7093,1939,3549,5416,23,478,1799,4848,1782,125,942,1268,564,1761,9032,308.364629566405,FALSE,"Summer"
"Staten Island",2020,"Fine Particulate Matter (PM2.5)","mcg per cubic meter",6.58,5017,1178,2873,3292,3,234,1251,3381,1256,73,506,832,228,1385,6195,941.489361702128,FALSE,"Summer"
"Staten Island",2020,"Nitrogen Dioxide (NO2)","ppb",7.83,5017,1178,2873,3292,3,234,1251,3381,1256,73,506,832,228,1385,6195,791.187739463601,FALSE,"Summer"
"Staten Island",2020,"Ozone (O3)","ppb",28.61,5017,1178,2873,3292,3,234,1251,3381,1256,73,506,832,228,1385,6195,216.532680880811,FALSE,"Summer"
"Bronx",2009,"Fine Particulate Matter (PM2.5)","mcg per cubic meter",14.08,83068,16787,23900,73690,1878,11756,28075,42755,16691,578,32612,2894,1159,11883,99855,7091.97443181818,TRUE,"Winter"
"Bronx",2009,"Nitrogen Dioxide (NO2)","ppb",29.29,83068,16787,23900,73690,1878,11756,28075,42755,16691,578,32612,2894,1159,11883,99855,3409.18402185046,FALSE,"Winter"
"Bronx",2009,"Sulfur Dioxide (SO2)","ppb",6.62,83068,16787,23900,73690,1878,11756,28075,42755,16691,578,32612,2894,1159,11883,99855,15083.836858006,FALSE,"Winter"
"Bronx",2010,"Fine Particulate Matter (PM2.5)","mcg per cubic meter",10.95,83180,17355,22845,75393,2014,12449,29044,41934,16525,583,30938,3102,1144,12787,100535,9181.27853881279,TRUE,"Winter"
"Bronx",2010,"Nitrogen Dioxide (NO2)","ppb",24.39,83180,17355,22845,75393,2014,12449,29044,41934,16525,583,30938,3102,1144,12787,100535,4121.9762197622,FALSE,"Winter"
"Bronx",2010,"Sulfur Dioxide (SO2)","ppb",4.28,83180,17355,22845,75393,2014,12449,29044,41934,16525,583,30938,3102,1144,12787,100535,23489.4859813084,FALSE,"Winter"
"Bronx",2011,"Fine Particulate Matter (PM2.5)","mcg per cubic meter",13.85,79875,17002,21684,72641,2168,11453,27911,40416,16501,596,29361,3682,954,12679,96877,6994.72924187726,TRUE,"Winter"
"Bronx",2011,"Nitrogen Dioxide (NO2)","ppb",28.19,79875,17002,21684,72641,2168,11453,27911,40416,16501,596,29361,3682,954,12679,96877,3436.57325292657,FALSE,"Winter"
"Bronx",2011,"Sulfur Dioxide (SO2)","ppb",5.44,79875,17002,21684,72641,2168,11453,27911,40416,16501,596,29361,3682,954,12679,96877,17808.2720588235,FALSE,"Winter"
"Bronx",2012,"Fine Particulate Matter (PM2.5)","mcg per cubic meter",9.93,73923,16040,20403,66823,2341,8986,26319,38201,15904,553,25720,3825,941,13288,89963,9059.71802618328,FALSE,"Winter"
"Bronx",2012,"Nitrogen Dioxide (NO2)","ppb",23.48,73923,16040,20403,66823,2341,8986,26319,38201,15904,553,25720,3825,941,13288,89963,3831.47359454855,FALSE,"Winter"
"Bronx",2012,"Sulfur Dioxide (SO2)","ppb",3.43,73923,16040,20403,66823,2341,8986,26319,38201,15904,553,25720,3825,941,13288,89963,26228.2798833819,FALSE,"Winter"
"Bronx",2013,"Fine Particulate Matter (PM2.5)","mcg per cubic meter",11.16,70518,15341,20346,63363,1810,7426,24067,38342,15455,569,21222,4363,1292,14096,85859,7693.45878136201,TRUE,"Winter"
"Bronx",2013,"Nitrogen Dioxide (NO2)","ppb",24.03,70518,15341,20346,63363,1810,7426,24067,38342,15455,569,21222,4363,1292,14096,85859,3572.99209321681,FALSE,"Winter"
"Bronx",2013,"Sulfur Dioxide (SO2)","ppb",2.16,70518,15341,20346,63363,1810,7426,24067,38342,15455,569,21222,4363,1292,14096,85859,39749.537037037,FALSE,"Winter"
"Bronx",2014,"Fine Particulate Matter (PM2.5)","mcg per cubic meter",12.5,70702,14977,20787,61903,2758,6784,23636,38788,15883,588,20084,6485,1301,14474,85679,6854.32,TRUE,"Winter"
"Bronx",2014,"Nitrogen Dioxide (NO2)","ppb",25.87,70702,14977,20787,61903,2758,6784,23636,38788,15883,588,20084,6485,1301,14474,85679,3311.90568225744,FALSE,"Winter"
"Bronx",2014,"Sulfur Dioxide (SO2)","ppb",2.08,70702,14977,20787,61903,2758,6784,23636,38788,15883,588,20084,6485,1301,14474,85679,41191.8269230769,FALSE,"Winter"
"Bronx",2015,"Fine Particulate Matter (PM2.5)","mcg per cubic meter",10.21,62474,12986,19526,52880,2683,6204,21140,34320,13344,452,15588,6413,912,13514,75460,7390.79333986288,TRUE,"Winter"
"Bronx",2015,"Nitrogen Dioxide (NO2)","ppb",23.92,62474,12986,19526,52880,2683,6204,21140,34320,13344,452,15588,6413,912,13514,75460,3154.68227424749,FALSE,"Winter"
"Bronx",2015,"Sulfur Dioxide (SO2)","ppb",1.11,62474,12986,19526,52880,2683,6204,21140,34320,13344,452,15588,6413,912,13514,75460,67981.981981982,FALSE,"Winter"
"Bronx",2016,"Fine Particulate Matter (PM2.5)","mcg per cubic meter",8.4,57654,11558,20452,47859,578,5241,19025,32663,11828,455,13751,5654,1058,13485,69212,8239.52380952381,FALSE,"Winter"
"Bronx",2016,"Nitrogen Dioxide (NO2)","ppb",22.28,57654,11558,20452,47859,578,5241,19025,32663,11828,455,13751,5654,1058,13485,69212,3106.4631956912,FALSE,"Winter"
"Bronx",2016,"Sulfur Dioxide (SO2)","ppb",0.33,57654,11558,20452,47859,578,5241,19025,32663,11828,455,13751,5654,1058,13485,69212,209733.333333333,FALSE,"Winter"
"Bronx",2017,"Fine Particulate Matter (PM2.5)","mcg per cubic meter",8.3,51615,11206,19113,43255,107,4006,16451,31138,10788,438,12067,5767,974,13343,62821,7568.79518072289,FALSE,"Winter"
"Bronx",2017,"Nitrogen Dioxide (NO2)","ppb",26.37,51615,11206,19113,43255,107,4006,16451,31138,10788,438,12067,5767,974,13343,62821,2382.29048160789,FALSE,"Winter"
"Bronx",2018,"Fine Particulate Matter (PM2.5)","mcg per cubic meter",8.28,44879,10567,17269,37562,188,2862,12656,28992,10456,480,8788,5480,945,14101,55446,6696.3768115942,FALSE,"Winter"
"Bronx",2018,"Nitrogen Dioxide (NO2)","ppb",23.57,44879,10567,17269,37562,188,2862,12656,28992,10456,480,8788,5480,945,14101,55446,2352.39711497667,FALSE,"Winter"
"Bronx",2019,"Fine Particulate Matter (PM2.5)","mcg per cubic meter",7.46,39587,9228,17579,30709,223,2227,10476,26271,9329,512,6458,5061,758,13200,48815,6543.56568364611,FALSE,"Winter"
"Bronx",2019,"Nitrogen Dioxide (NO2)","ppb",20.89,39587,9228,17579,30709,223,2227,10476,26271,9329,512,6458,5061,758,13200,48815,2336.76400191479,FALSE,"Winter"
"Bronx",2020,"Fine Particulate Matter (PM2.5)","mcg per cubic meter",7.02,27102,5622,13773,18538,48,1498,7078,18102,5687,359,3277,3006,377,10685,32724,4661.53846153846,FALSE,"Winter"
"Bronx",2020,"Nitrogen Dioxide (NO2)","ppb",23.04,27102,5622,13773,18538,48,1498,7078,18102,5687,359,3277,3006,377,10685,32724,1420.3125,FALSE,"Winter"
"Brooklyn",2009,"Fine Particulate Matter (PM2.5)","mcg per cubic meter",12.88,97970,18903,29736,77544,9037,12192,32007,51838,20166,670,34427,3596,1940,15211,116873,9073.99068322981,TRUE,"Winter"
"Brooklyn",2009,"Nitrogen Dioxide (NO2)","ppb",29.43,97970,18903,29736,77544,9037,12192,32007,51838,20166,670,34427,3596,1940,15211,116873,3971.21984369691,FALSE,"Winter"
"Brooklyn",2009,"Sulfur Dioxide (SO2)","ppb",3.92,97970,18903,29736,77544,9037,12192,32007,51838,20166,670,34427,3596,1940,15211,116873,29814.5408163265,FALSE,"Winter"
"Brooklyn",2010,"Fine Particulate Matter (PM2.5)","mcg per cubic meter",9.97,99058,18842,28792,78698,9808,12281,33358,51249,20278,734,33625,3471,1733,15361,117900,11825.4764292879,FALSE,"Winter"
"Brooklyn",2010,"Nitrogen Dioxide (NO2)","ppb",27.17,99058,18842,28792,78698,9808,12281,33358,51249,20278,734,33625,3471,1733,15361,117900,4339.34486566066,FALSE,"Winter"
"Brooklyn",2010,"Sulfur Dioxide (SO2)","ppb",2.66,99058,18842,28792,78698,9808,12281,33358,51249,20278,734,33625,3471,1733,15361,117900,44323.3082706767,FALSE,"Winter"
"Brooklyn",2011,"Fine Particulate Matter (PM2.5)","mcg per cubic meter",12.62,98622,19142,29214,77778,10296,11939,33107,50191,21718,809,33624,3747,1448,15241,117764,9331.53724247227,TRUE,"Winter"
"Brooklyn",2011,"Nitrogen Dioxide (NO2)","ppb",29.66,98622,19142,29214,77778,10296,11939,33107,50191,21718,809,33624,3747,1448,15241,117764,3970.46527309508,FALSE,"Winter"
"Brooklyn",2011,"Sulfur Dioxide (SO2)","ppb",3.26,98622,19142,29214,77778,10296,11939,33107,50191,21718,809,33624,3747,1448,15241,117764,36123.9263803681,FALSE,"Winter"
"Brooklyn",2012,"Fine Particulate Matter (PM2.5)","mcg per cubic meter",9.17,94356,18965,29099,73420,10275,10989,31784,48672,21087,789,27317,3653,1699,16144,113321,12357.7971646674,FALSE,"Winter"
"Brooklyn",2012,"Nitrogen Dioxide (NO2)","ppb",23.5,94356,18965,29099,73420,10275,10989,31784,48672,21087,789,27317,3653,1699,16144,113321,4822.17021276596,FALSE,"Winter"
"Brooklyn",2012,"Sulfur Dioxide (SO2)","ppb",1.55,94356,18965,29099,73420,10275,10989,31784,48672,21087,789,27317,3653,1699,16144,113321,73110.3225806452,FALSE,"Winter"
"Brooklyn",2013,"Fine Particulate Matter (PM2.5)","mcg per cubic meter",10.33,91454,18114,29516,68504,10788,8884,29165,49678,20891,950,21903,4818,2045,16261,109568,10606.7763794773,TRUE,"Winter"
"Brooklyn",2013,"Nitrogen Dioxide (NO2)","ppb",25.3,91454,18114,29516,68504,10788,8884,29165,49678,20891,950,21903,4818,2045,16261,109568,4330.75098814229,FALSE,"Winter"
"Brooklyn",2013,"Sulfur Dioxide (SO2)","ppb",0.9,91454,18114,29516,68504,10788,8884,29165,49678,20891,950,21903,4818,2045,16261,109568,121742.222222222,FALSE,"Winter"
"Brooklyn",2014,"Fine Particulate Matter (PM2.5)","mcg per cubic meter",11.86,88859,17818,28973,66201,10422,7605,27490,49571,21064,947,19754,8262,2116,16057,106677,8994.68802698145,TRUE,"Winter"
"Brooklyn",2014,"Nitrogen Dioxide (NO2)","ppb",27.78,88859,17818,28973,66201,10422,7605,27490,49571,21064,947,19754,8262,2116,16057,106677,3840.06479481641,FALSE,"Winter"
"Brooklyn",2014,"Sulfur Dioxide (SO2)","ppb",1.08,88859,17818,28973,66201,10422,7605,27490,49571,21064,947,19754,8262,2116,16057,106677,98775,FALSE,"Winter"
"Brooklyn",2015,"Fine Particulate Matter (PM2.5)","mcg per cubic meter",9.03,77786,15405,27775,56117,8348,6937,23353,43988,18133,780,14610,7895,1533,14728,93191,10320.1550387597,FALSE,"Winter"
"Brooklyn",2015,"Nitrogen Dioxide (NO2)","ppb",25.26,77786,15405,27775,56117,8348,6937,23353,43988,18133,780,14610,7895,1533,14728,93191,3689.27157561362,FALSE,"Winter"
"Brooklyn",2015,"Sulfur Dioxide (SO2)","ppb",0.47,77786,15405,27775,56117,8348,6937,23353,43988,18133,780,14610,7895,1533,14728,93191,198278.723404255,FALSE,"Winter"
"Brooklyn",2016,"Fine Particulate Matter (PM2.5)","mcg per cubic meter",8.42,72600,15007,28784,52402,5381,5419,21802,42734,16785,867,13274,8063,1511,14525,87607,10404.6318289786,FALSE,"Winter"
"Brooklyn",2016,"Nitrogen Dioxide (NO2)","ppb",23.38,72600,15007,28784,52402,5381,5419,21802,42734,16785,867,13274,8063,1511,14525,87607,3747.09153122327,FALSE,"Winter"
"Brooklyn",2016,"Sulfur Dioxide (SO2)","ppb",0.19,72600,15007,28784,52402,5381,5419,21802,42734,16785,867,13274,8063,1511,14525,87607,461089.473684211,FALSE,"Winter"
"Brooklyn",2017,"Fine Particulate Matter (PM2.5)","mcg per cubic meter",7.94,66507,13575,27653,48448,3209,4819,18571,40379,15550,763,14029,7808,1440,13746,80082,10085.8942065491,FALSE,"Winter"
"Brooklyn",2017,"Nitrogen Dioxide (NO2)","ppb",24.74,66507,13575,27653,48448,3209,4819,18571,40379,15550,763,14029,7808,1440,13746,80082,3236.94421988682,FALSE,"Winter"
"Brooklyn",2018,"Fine Particulate Matter (PM2.5)","mcg per cubic meter",8.53,56510,11895,27126,39029,1682,3436,14760,35770,13641,798,9678,7525,1264,13487,68405,8019.34349355217,FALSE,"Winter"
"Brooklyn",2018,"Nitrogen Dioxide (NO2)","ppb",24.01,56510,11895,27126,39029,1682,3436,14760,35770,13641,798,9678,7525,1264,13487,68405,2849.02124114952,FALSE,"Winter"
"Brooklyn",2019,"Fine Particulate Matter (PM2.5)","mcg per cubic meter",7.29,48148,10140,26110,30620,1152,2989,12212,31042,11314,731,5402,7480,1123,12553,58288,7995.61042524005,FALSE,"Winter"
"Brooklyn",2019,"Nitrogen Dioxide (NO2)","ppb",21.79,48148,10140,26110,30620,1152,2989,12212,31042,11314,731,5402,7480,1123,12553,58288,2674.98852684718,FALSE,"Winter"
"Brooklyn",2020,"Fine Particulate Matter (PM2.5)","mcg per cubic meter",7.62,32168,6090,20057,17672,264,1688,7969,21061,7097,443,2773,4784,605,9784,38258,5020.73490813648,FALSE,"Winter"
"Brooklyn",2020,"Nitrogen Dioxide (NO2)","ppb",25.56,32168,6090,20057,17672,264,1688,7969,21061,7097,443,2773,4784,605,9784,38258,1496.79186228482,FALSE,"Winter"
"Manhattan",2009,"Fine Particulate Matter (PM2.5)","mcg per cubic meter",15.34,95125,19402,25333,76573,11770,8430,28460,51765,24743,1129,23309,6137,1856,8992,114527,7465.90612777054,TRUE,"Winter"
"Manhattan",2009,"Nitrogen Dioxide (NO2)","ppb",38.35,95125,19402,25333,76573,11770,8430,28460,51765,24743,1129,23309,6137,1856,8992,114527,2986.36245110821,FALSE,"Winter"
"Manhattan",2009,"Sulfur Dioxide (SO2)","ppb",9.17,95125,19402,25333,76573,11770,8430,28460,51765,24743,1129,23309,6137,1856,8992,114527,12489.3129770992,FALSE,"Winter"
"Manhattan",2010,"Fine Particulate Matter (PM2.5)","mcg per cubic meter",11.98,94491,18694,23269,77851,11356,8219,28775,49888,25188,1115,22922,5839,1838,9218,113185,9447.82971619366,TRUE,"Winter"
"Manhattan",2010,"Nitrogen Dioxide (NO2)","ppb",32.17,94491,18694,23269,77851,11356,8219,28775,49888,25188,1115,22922,5839,1838,9218,113185,3518.3400683867,FALSE,"Winter"
"Manhattan",2010,"Sulfur Dioxide (SO2)","ppb",6.19,94491,18694,23269,77851,11356,8219,28775,49888,25188,1115,22922,5839,1838,9218,113185,18285.1373182552,FALSE,"Winter"
"Manhattan",2011,"Fine Particulate Matter (PM2.5)","mcg per cubic meter",14.76,91535,19455,21334,77396,11528,7768,28887,48112,25050,1173,23037,5918,1598,9159,110990,7519.64769647696,TRUE,"Winter"
"Manhattan",2011,"Nitrogen Dioxide (NO2)","ppb",35.38,91535,19455,21334,77396,11528,7768,28887,48112,25050,1173,23037,5918,1598,9159,110990,3137.08309779536,FALSE,"Winter"
"Manhattan",2011,"Sulfur Dioxide (SO2)","ppb",7.79,91535,19455,21334,77396,11528,7768,28887,48112,25050,1173,23037,5918,1598,9159,110990,14247.7535301669,FALSE,"Winter"
"Manhattan",2012,"Fine Particulate Matter (PM2.5)","mcg per cubic meter",11.32,90224,18730,20871,76774,10656,6789,28663,47267,25007,1228,21303,5251,1725,9283,108954,9624.91166077738,TRUE,"Winter"
"Manhattan",2012,"Nitrogen Dioxide (NO2)","ppb",30.21,90224,18730,20871,76774,10656,6789,28663,47267,25007,1228,21303,5251,1725,9283,108954,3606.55412115194,FALSE,"Winter"
"Manhattan",2012,"Sulfur Dioxide (SO2)","ppb",4.81,90224,18730,20871,76774,10656,6789,28663,47267,25007,1228,21303,5251,1725,9283,108954,22651.5592515593,FALSE,"Winter"
"Manhattan",2013,"Fine Particulate Matter (PM2.5)","mcg per cubic meter",12.83,91525,18217,21593,75640,11839,5619,26958,49755,26017,1393,19031,7389,2047,9323,109742,8553.546375682,TRUE,"Winter"
"Manhattan",2013,"Nitrogen Dioxide (NO2)","ppb",31.61,91525,18217,21593,75640,11839,5619,26958,49755,26017,1393,19031,7389,2047,9323,109742,3471.74944637773,FALSE,"Winter"
"Manhattan",2013,"Sulfur Dioxide (SO2)","ppb",3.08,91525,18217,21593,75640,11839,5619,26958,49755,26017,1393,19031,7389,2047,9323,109742,35630.5194805195,FALSE,"Winter"
"Manhattan",2014,"Fine Particulate Matter (PM2.5)","mcg per cubic meter",14.13,88577,17611,21165,72622,11774,5306,25667,48470,25420,1325,17678,14157,1991,9257,106188,7515.07430997877,TRUE,"Winter"
"Manhattan",2014,"Nitrogen Dioxide (NO2)","ppb",32.41,88577,17611,21165,72622,11774,5306,25667,48470,25420,1325,17678,14157,1991,9257,106188,3276.39617402036,FALSE,"Winter"
"Manhattan",2014,"Sulfur Dioxide (SO2)","ppb",2.9,88577,17611,21165,72622,11774,5306,25667,48470,25420,1325,17678,14157,1991,9257,106188,36616.5517241379,FALSE,"Winter"
"Manhattan",2015,"Fine Particulate Matter (PM2.5)","mcg per cubic meter",10.93,78424,15537,21050,62552,9674,4872,22884,44009,21143,1053,14709,13893,1506,9014,93961,8596.61482159195,TRUE,"Winter"
"Manhattan",2015,"Nitrogen Dioxide (NO2)","ppb",28.69,78424,15537,21050,62552,9674,4872,22884,44009,21143,1053,14709,13893,1506,9014,93961,3275.04356918787,FALSE,"Winter"
"Manhattan",2015,"Sulfur Dioxide (SO2)","ppb",1.19,78424,15537,21050,62552,9674,4872,22884,44009,21143,1053,14709,13893,1506,9014,93961,78958.8235294118,FALSE,"Winter"
"Manhattan",2016,"Fine Particulate Matter (PM2.5)","mcg per cubic meter",9.45,70546,14811,21895,60220,2411,4032,20667,41245,18451,962,15373,13478,1410,9474,85357,9032.48677248677,FALSE,"Winter"
"Manhattan",2016,"Nitrogen Dioxide (NO2)","ppb",27.51,70546,14811,21895,60220,2411,4032,20667,41245,18451,962,15373,13478,1410,9474,85357,3102.76263177027,FALSE,"Winter"
"Manhattan",2016,"Sulfur Dioxide (SO2)","ppb",0.38,70546,14811,21895,60220,2411,4032,20667,41245,18451,962,15373,13478,1410,9474,85357,224623.684210526,FALSE,"Winter"
"Manhattan",2017,"Fine Particulate Matter (PM2.5)","mcg per cubic meter",8.96,62890,13315,20164,54035,1114,3248,17629,38311,16062,955,12995,13010,1335,9244,76205,8505.02232142857,FALSE,"Winter"
"Manhattan",2017,"Nitrogen Dioxide (NO2)","ppb",29.74,62890,13315,20164,54035,1114,3248,17629,38311,16062,955,12995,13010,1335,9244,76205,2562.3739071957,FALSE,"Winter"
"Manhattan",2018,"Fine Particulate Matter (PM2.5)","mcg per cubic meter",9.6,50988,11594,20326,40761,617,2499,12095,32585,14551,852,7488,14386,1197,9427,62582,6518.95833333333,FALSE,"Winter"
"Manhattan",2018,"Nitrogen Dioxide (NO2)","ppb",28.62,50988,11594,20326,40761,617,2499,12095,32585,14551,852,7488,14386,1197,9427,62582,2186.65269042628,FALSE,"Winter"
"Manhattan",2019,"Fine Particulate Matter (PM2.5)","mcg per cubic meter",9.33,43926,9989,19054,33072,1065,2579,9646,28281,12511,898,5302,13040,938,9150,53915,5778.67095391211,FALSE,"Winter"
"Manhattan",2019,"Nitrogen Dioxide (NO2)","ppb",26.02,43926,9989,19054,33072,1065,2579,9646,28281,12511,898,5302,13040,938,9150,53915,2072.05995388163,FALSE,"Winter"
"Manhattan",2020,"Fine Particulate Matter (PM2.5)","mcg per cubic meter",9.13,27697,5558,14605,17832,123,1277,5916,18336,7279,447,2968,6694,339,6768,33255,3642.38773274918,FALSE,"Winter"
"Manhattan",2020,"Nitrogen Dioxide (NO2)","ppb",29.31,27697,5558,14605,17832,123,1277,5916,18336,7279,447,2968,6694,339,6768,33255,1134.5957011259,FALSE,"Winter"
"Queens",2009,"Fine Particulate Matter (PM2.5)","mcg per cubic meter",12.56,65242,10843,18220,49801,6483,7258,22852,34574,10952,449,13141,3141,2734,9777,76085,6057.72292993631,TRUE,"Winter"
"Queens",2009,"Nitrogen Dioxide (NO2)","ppb",27.86,65242,10843,18220,49801,6483,7258,22852,34574,10952,449,13141,3141,2734,9777,76085,2730.97631012204,FALSE,"Winter"
"Queens",2009,"Sulfur Dioxide (SO2)","ppb",3.99,65242,10843,18220,49801,6483,7258,22852,34574,10952,449,13141,3141,2734,9777,76085,19068.9223057644,FALSE,"Winter"
"Queens",2010,"Fine Particulate Matter (PM2.5)","mcg per cubic meter",9.38,64834,11607,18770,50098,6223,7746,23063,33974,11169,489,13654,3082,2465,10340,76441,8149.36034115139,FALSE,"Winter"
"Queens",2010,"Nitrogen Dioxide (NO2)","ppb",25.02,64834,11607,18770,50098,6223,7746,23063,33974,11169,489,13654,3082,2465,10340,76441,3055.19584332534,FALSE,"Winter"
"Queens",2010,"Sulfur Dioxide (SO2)","ppb",2.82,64834,11607,18770,50098,6223,7746,23063,33974,11169,489,13654,3082,2465,10340,76441,27106.7375886525,FALSE,"Winter"
"Queens",2011,"Fine Particulate Matter (PM2.5)","mcg per cubic meter",12.1,61836,11367,18242,48386,5344,7533,22478,31779,10954,459,13707,3189,2288,10352,73203,6049.8347107438,TRUE,"Winter"
"Queens",2011,"Nitrogen Dioxide (NO2)","ppb",28.32,61836,11367,18242,48386,5344,7533,22478,31779,10954,459,13707,3189,2288,10352,73203,2584.85169491525,FALSE,"Winter"
"Queens",2011,"Sulfur Dioxide (SO2)","ppb",3.42,61836,11367,18242,48386,5344,7533,22478,31779,10954,459,13707,3189,2288,10352,73203,21404.3859649123,FALSE,"Winter"
"Queens",2012,"Fine Particulate Matter (PM2.5)","mcg per cubic meter",8.8,59954,11068,18887,45455,5516,6595,21179,31671,11058,519,11748,3247,2309,10417,71022,8070.68181818182,FALSE,"Winter"
"Queens",2012,"Nitrogen Dioxide (NO2)","ppb",22.62,59954,11068,18887,45455,5516,6595,21179,31671,11058,519,11748,3247,2309,10417,71022,3139.78779840849,FALSE,"Winter"
"Queens",2012,"Sulfur Dioxide (SO2)","ppb",1.72,59954,11068,18887,45455,5516,6595,21179,31671,11058,519,11748,3247,2309,10417,71022,41291.8604651163,FALSE,"Winter"
"Queens",2013,"Fine Particulate Matter (PM2.5)","mcg per cubic meter",9.9,64416,11503,20540,48633,5419,6019,21718,35238,12240,704,11462,4245,2468,11266,75919,7668.58585858586,FALSE,"Winter"
"Queens",2013,"Nitrogen Dioxide (NO2)","ppb",22.84,64416,11503,20540,48633,5419,6019,21718,35238,12240,704,11462,4245,2468,11266,75919,3323.94921190893,FALSE,"Winter"
"Queens",2013,"Sulfur Dioxide (SO2)","ppb",1.01,64416,11503,20540,48633,5419,6019,21718,35238,12240,704,11462,4245,2468,11266,75919,75167.3267326733,FALSE,"Winter"
"Queens",2014,"Fine Particulate Matter (PM2.5)","mcg per cubic meter",11.23,63968,11938,19896,49558,5121,5058,21247,36273,12676,652,10760,7376,2490,11350,75906,6759.21638468388,TRUE,"Winter"
"Queens",2014,"Nitrogen Dioxide (NO2)","ppb",26.84,63968,11938,19896,49558,5121,5058,21247,36273,12676,652,10760,7376,2490,11350,75906,2828.09239940387,FALSE,"Winter"
"Queens",2014,"Sulfur Dioxide (SO2)","ppb",1.46,63968,11938,19896,49558,5121,5058,21247,36273,12676,652,10760,7376,2490,11350,75906,51990.4109589041,FALSE,"Winter"
"Queens",2015,"Fine Particulate Matter (PM2.5)","mcg per cubic meter",8.89,54688,11052,19621,41111,4024,4273,17742,31638,11471,616,8095,6778,1920,10872,65740,7394.82564679415,FALSE,"Winter"
"Queens",2015,"Nitrogen Dioxide (NO2)","ppb",23.93,54688,11052,19621,41111,4024,4273,17742,31638,11471,616,8095,6778,1920,10872,65740,2747.17927287923,FALSE,"Winter"
"Queens",2015,"Sulfur Dioxide (SO2)","ppb",0.56,54688,11052,19621,41111,4024,4273,17742,31638,11471,616,8095,6778,1920,10872,65740,117392.857142857,FALSE,"Winter"
"Queens",2016,"Fine Particulate Matter (PM2.5)","mcg per cubic meter",7.59,49843,10501,19324,37886,2265,3664,16429,29208,10405,638,7341,6180,1810,10618,60344,7950.46113306983,FALSE,"Winter"
"Queens",2016,"Nitrogen Dioxide (NO2)","ppb",22.45,49843,10501,19324,37886,2265,3664,16429,29208,10405,638,7341,6180,1810,10618,60344,2687.92873051225,FALSE,"Winter"
"Queens",2016,"Sulfur Dioxide (SO2)","ppb",0.25,49843,10501,19324,37886,2265,3664,16429,29208,10405,638,7341,6180,1810,10618,60344,241376,FALSE,"Winter"
"Queens",2017,"Fine Particulate Matter (PM2.5)","mcg per cubic meter",7.95,46415,9324,18471,35340,1314,3312,14183,28012,9576,656,7401,5906,1689,10675,55739,7011.19496855346,FALSE,"Winter"
"Queens",2017,"Nitrogen Dioxide (NO2)","ppb",24.83,46415,9324,18471,35340,1314,3312,14183,28012,9576,656,7401,5906,1689,10675,55739,2244.82480869915,FALSE,"Winter"
"Queens",2018,"Fine Particulate Matter (PM2.5)","mcg per cubic meter",7.88,41353,8563,18297,30643,517,2522,11181,26350,9122,741,4931,5975,1457,10578,49916,6334.51776649746,FALSE,"Winter"
"Queens",2018,"Nitrogen Dioxide (NO2)","ppb",23.47,41353,8563,18297,30643,517,2522,11181,26350,9122,741,4931,5975,1457,10578,49916,2126.80017043034,FALSE,"Winter"
"Queens",2019,"Fine Particulate Matter (PM2.5)","mcg per cubic meter",7.14,36563,8004,17092,26792,359,2004,9428,23748,8615,772,2967,5805,1270,10532,44567,6241.87675070028,FALSE,"Winter"
"Queens",2019,"Nitrogen Dioxide (NO2)","ppb",20.42,36563,8004,17092,26792,359,2004,9428,23748,8615,772,2967,5805,1270,10532,44567,2182.51714005877,FALSE,"Winter"
"Queens",2020,"Fine Particulate Matter (PM2.5)","mcg per cubic meter",7.55,24949,5032,13970,15681,111,1149,6178,16513,5713,428,1765,3859,750,8584,29981,3970.99337748344,FALSE,"Winter"
"Queens",2020,"Nitrogen Dioxide (NO2)","ppb",22.86,24949,5032,13970,15681,111,1149,6178,16513,5713,428,1765,3859,750,8584,29981,1311.50481189851,FALSE,"Winter"
"Staten Island",2009,"Fine Particulate Matter (PM2.5)","mcg per cubic meter",11.82,11158,2818,3925,9803,159,1678,4362,6030,1843,63,3721,686,405,1775,13976,1182.4027072758,TRUE,"Winter"
"Staten Island",2009,"Nitrogen Dioxide (NO2)","ppb",21.63,11158,2818,3925,9803,159,1678,4362,6030,1843,63,3721,686,405,1775,13976,646.139620896902,FALSE,"Winter"
"Staten Island",2009,"Sulfur Dioxide (SO2)","ppb",2.13,11158,2818,3925,9803,159,1678,4362,6030,1843,63,3721,686,405,1775,13976,6561.50234741784,FALSE,"Winter"
"Staten Island",2010,"Fine Particulate Matter (PM2.5)","mcg per cubic meter",9.07,11287,2974,3848,10187,147,1882,4389,6038,1872,80,3864,644,382,1957,14261,1572.32635060639,FALSE,"Winter"
"Staten Island",2010,"Nitrogen Dioxide (NO2)","ppb",19.14,11287,2974,3848,10187,147,1882,4389,6038,1872,80,3864,644,382,1957,14261,745.08881922675,FALSE,"Winter"
"Staten Island",2010,"Sulfur Dioxide (SO2)","ppb",1.17,11287,2974,3848,10187,147,1882,4389,6038,1872,80,3864,644,382,1957,14261,12188.8888888889,FALSE,"Winter"
"Staten Island",2011,"Fine Particulate Matter (PM2.5)","mcg per cubic meter",11.68,11268,2757,3714,10134,88,1727,4215,6102,1898,83,4106,524,475,2059,14025,1200.77054794521,TRUE,"Winter"
"Staten Island",2011,"Nitrogen Dioxide (NO2)","ppb",23.08,11268,2757,3714,10134,88,1727,4215,6102,1898,83,4106,524,475,2059,14025,607.668977469671,FALSE,"Winter"
"Staten Island",2011,"Sulfur Dioxide (SO2)","ppb",1.78,11268,2757,3714,10134,88,1727,4215,6102,1898,83,4106,524,475,2059,14025,7879.21348314607,FALSE,"Winter"
"Staten Island",2012,"Fine Particulate Matter (PM2.5)","mcg per cubic meter",8.42,10454,2566,3559,9362,28,1328,3937,5883,1799,73,3335,603,433,2281,13020,1546.31828978622,FALSE,"Winter"
"Staten Island",2012,"Nitrogen Dioxide (NO2)","ppb",17.93,10454,2566,3559,9362,28,1328,3937,5883,1799,73,3335,603,433,2281,13020,726.157278304518,FALSE,"Winter"
"Staten Island",2012,"Sulfur Dioxide (SO2)","ppb",0.81,10454,2566,3559,9362,28,1328,3937,5883,1799,73,3335,603,433,2281,13020,16074.0740740741,FALSE,"Winter"
"Staten Island",2013,"Fine Particulate Matter (PM2.5)","mcg per cubic meter",9.72,10259,2462,3781,8861,23,1202,3608,6016,1814,81,3069,997,549,1953,12721,1308.74485596708,FALSE,"Winter"
"Staten Island",2013,"Nitrogen Dioxide (NO2)","ppb",19.13,10259,2462,3781,8861,23,1202,3608,6016,1814,81,3069,997,549,1953,12721,664.976476738108,FALSE,"Winter"
"Staten Island",2013,"Sulfur Dioxide (SO2)","ppb",0.43,10259,2462,3781,8861,23,1202,3608,6016,1814,81,3069,997,549,1953,12721,29583.7209302326,FALSE,"Winter"
"Staten Island",2014,"Fine Particulate Matter (PM2.5)","mcg per cubic meter",11.78,10547,2730,3899,9322,15,1185,3606,6235,2124,127,3244,1881,531,2123,13277,1127.07979626486,TRUE,"Winter"
"Staten Island",2014,"Nitrogen Dioxide (NO2)","ppb",21.79,10547,2730,3899,9322,15,1185,3606,6235,2124,127,3244,1881,531,2123,13277,609.316200091785,FALSE,"Winter"
"Staten Island",2014,"Sulfur Dioxide (SO2)","ppb",0.83,10547,2730,3899,9322,15,1185,3606,6235,2124,127,3244,1881,531,2123,13277,15996.3855421687,FALSE,"Winter"
"Staten Island",2015,"Fine Particulate Matter (PM2.5)","mcg per cubic meter",8.39,8850,2268,3563,7509,13,905,2741,5479,1876,117,2204,1509,546,1942,11118,1325.14898688915,FALSE,"Winter"
"Staten Island",2015,"Nitrogen Dioxide (NO2)","ppb",19.75,8850,2268,3563,7509,13,905,2741,5479,1876,117,2204,1509,546,1942,11118,562.936708860759,FALSE,"Winter"
"Staten Island",2015,"Sulfur Dioxide (SO2)","ppb",0.27,8850,2268,3563,7509,13,905,2741,5479,1876,117,2204,1509,546,1942,11118,41177.7777777778,FALSE,"Winter"
"Staten Island",2016,"Fine Particulate Matter (PM2.5)","mcg per cubic meter",7.46,9834,2510,3967,8296,11,913,3064,6119,2121,127,2503,1575,641,1901,12344,1654.69168900804,FALSE,"Winter"
"Staten Island",2016,"Nitrogen Dioxide (NO2)","ppb",18.07,9834,2510,3967,8296,11,913,3064,6119,2121,127,2503,1575,641,1901,12344,683.121195351411,FALSE,"Winter"
"Staten Island",2016,"Sulfur Dioxide (SO2)","ppb",0.12,9834,2510,3967,8296,11,913,3064,6119,2121,127,2503,1575,641,1901,12344,102866.666666667,FALSE,"Winter"
"Staten Island",2017,"Fine Particulate Matter (PM2.5)","mcg per cubic meter",7.07,8944,2434,3733,7565,14,779,2719,5681,2081,118,2133,1582,631,1897,11378,1609.33521923621,FALSE,"Winter"
"Staten Island",2017,"Nitrogen Dioxide (NO2)","ppb",18.72,8944,2434,3733,7565,14,779,2719,5681,2081,118,2133,1582,631,1897,11378,607.799145299145,FALSE,"Winter"
"Staten Island",2018,"Fine Particulate Matter (PM2.5)","mcg per cubic meter",7.79,8168,2256,3525,6800,13,621,2072,5450,2152,129,1709,1490,611,1918,10424,1338.12580231065,FALSE,"Winter"
"Staten Island",2018,"Nitrogen Dioxide (NO2)","ppb",18.92,8168,2256,3525,6800,13,621,2072,5450,2152,129,1709,1490,611,1918,10424,550.951374207188,FALSE,"Winter"
"Staten Island",2019,"Fine Particulate Matter (PM2.5)","mcg per cubic meter",6.5,7093,1939,3549,5416,23,478,1799,4848,1782,125,942,1268,564,1761,9032,1389.53846153846,FALSE,"Winter"
"Staten Island",2019,"Nitrogen Dioxide (NO2)","ppb",16.15,7093,1939,3549,5416,23,478,1799,4848,1782,125,942,1268,564,1761,9032,559.256965944272,FALSE,"Winter"
"Staten Island",2020,"Fine Particulate Matter (PM2.5)","mcg per cubic meter",6.66,5017,1178,2873,3292,3,234,1251,3381,1256,73,506,832,228,1385,6195,930.18018018018,FALSE,"Winter"
"Staten Island",2020,"Nitrogen Dioxide (NO2)","ppb",17.87,5017,1178,2873,3292,3,234,1251,3381,1256,73,506,832,228,1385,6195,346.670397313934,FALSE,"Winter"
