"ARREST_PRECINCT","Year","male","female","felony","misdemeanor","violation","<18","18-24","25-44","45-64","65+","drug_use","larceny","DUI","assault","total_crime"
1,2006,3122,902,666,2804,536,204,737,2154,900,29,82,258,40,195,4024
1,2007,3729,1068,711,3402,643,254,968,2474,1055,46,70,300,237,273,4797
1,2008,3984,1024,764,3692,528,295,1023,2488,1169,33,105,361,167,235,5008
1,2009,4329,1042,728,3801,808,294,1061,2590,1373,53,106,320,58,191,5371
1,2010,4014,936,697,3655,578,239,1001,2327,1327,56,107,316,88,194,4950
1,2011,4349,1234,639,3930,991,324,1425,2536,1252,46,122,368,145,204,5583
1,2012,4291,1188,638,3871,945,320,1392,2535,1146,86,104,295,82,237,5479
1,2013,3769,1009,670,3427,670,229,1103,2232,1138,76,123,446,94,234,4778
1,2014,3751,925,691,3173,792,259,1073,2158,1112,74,134,1045,211,253,4676
1,2015,3353,766,747,2815,523,212,957,2008,899,43,121,1033,69,245,4119
1,2016,2942,845,844,2772,155,174,891,1872,811,39,239,1073,71,292,3787
1,2017,2550,524,747,2164,149,100,714,1607,609,44,191,875,43,279,3074
1,2018,2211,581,754,1976,37,96,558,1454,654,30,67,1206,37,278,2792
1,2019,2227,460,822,1736,113,75,431,1421,725,35,49,896,35,279,2687
1,2020,1165,242,625,743,10,50,339,708,297,13,17,352,16,175,1407
1,2021,1513,240,648,1075,3,39,284,1032,378,20,24,642,20,313,1753
1,2022,1959,294,830,1394,8,51,298,1317,558,29,32,971,24,280,2253
5,2006,4046,1064,1900,2705,414,265,949,2719,1139,36,371,370,30,350,5110
5,2007,4013,1056,1902,2706,348,279,1042,2617,1091,40,412,387,37,399,5069
5,2008,4151,1182,1829,2924,450,316,984,2690,1271,71,420,415,41,360,5333
5,2009,4440,1195,1983,2899,583,338,1135,2677,1398,87,438,484,27,413,5635
5,2010,4786,1253,1874,3379,602,546,1162,2798,1449,84,426,519,40,351,6039
5,2011,4490,1301,1921,3096,622,550,1163,2546,1427,105,398,540,25,377,5791
5,2012,4679,1281,2030,3247,511,434,1188,2669,1562,107,415,499,25,386,5960
5,2013,4923,1198,1859,3540,560,313,1381,2858,1475,94,382,558,30,368,6121
5,2014,4899,1147,2075,3341,472,284,1253,2801,1619,89,476,926,30,357,6046
5,2015,4529,894,1920,2952,412,196,1213,2709,1236,69,467,723,27,399,5423
5,2016,4448,975,2088,2786,137,227,1222,2764,1139,71,542,880,31,453,5423
5,2017,4101,1063,2034,2553,36,137,1077,2794,1076,80,597,871,29,524,5164
5,2018,3733,837,2219,1880,32,114,822,2427,1115,92,305,1073,41,487,4570
5,2019,3390,676,2038,1574,80,109,740,2100,1038,79,216,888,22,514,4066
5,2020,1925,274,1170,703,7,54,322,1352,444,27,67,403,8,291,2199
5,2021,2160,267,1385,808,0,38,410,1307,624,48,113,393,14,332,2427
5,2022,2646,320,1588,1016,2,64,442,1737,644,79,199,514,18,445,2966
6,2006,3321,541,1062,2497,281,212,1101,1948,580,21,1269,189,73,281,3862
6,2007,3901,667,1092,3138,315,248,1265,2225,794,35,1605,209,97,268,4568
6,2008,3672,683,997,2991,350,293,1212,1989,843,18,1396,209,133,267,4355
6,2009,3832,833,1059,3168,415,332,1325,2138,848,22,1320,259,250,286,4665
6,2010,3939,696,974,3217,432,274,1302,2134,894,31,1307,232,213,252,4635
6,2011,3935,708,887,3139,606,222,1476,2072,840,33,1398,214,150,289,4643
6,2012,3584,590,949,2780,424,128,1251,1920,845,30,834,227,288,299,4174
6,2013,3901,598,934,3022,520,172,1091,2230,962,44,766,338,375,351,4499
6,2014,3931,545,896,2828,739,146,1141,2103,1027,59,788,569,227,308,4476
6,2015,3276,523,882,2395,507,154,952,1848,813,32,517,706,155,294,3799
6,2016,2402,449,824,1903,115,129,702,1359,634,27,414,507,145,361,2851
6,2017,2709,485,955,2160,76,117,753,1566,725,33,672,570,95,373,3194
6,2018,2297,425,1071,1616,27,104,476,1329,780,33,443,617,49,348,2722
6,2019,1828,383,908,1285,16,149,347,1115,569,31,335,553,45,306,2211
6,2020,1509,298,911,886,6,98,305,966,422,16,146,403,9,277,1807
6,2021,1195,235,684,740,4,41,197,847,323,22,166,316,7,256,1430
6,2022,1643,242,870,1004,5,56,250,1102,451,26,174,523,6,350,1885
7,2006,2641,447,883,2095,96,257,754,1542,503,30,791,111,39,358,3088
7,2007,2964,632,1066,2393,88,306,930,1765,561,33,907,101,103,434,3596
7,2008,2579,537,838,2151,103,277,780,1533,498,28,794,157,71,376,3116
7,2009,2902,553,859,2417,169,298,883,1731,515,28,988,135,62,379,3455
7,2010,3071,549,715,2662,230,295,951,1716,635,23,1013,119,122,353,3620
7,2011,3324,593,719,2917,254,207,1037,1824,795,54,930,165,180,391,3917
7,2012,3506,618,830,2923,354,295,1048,1898,823,60,767,121,100,422,4124
7,2013,3235,583,871,2669,271,289,1018,1763,708,40,691,142,113,416,3818
7,2014,2861,507,830,2372,157,281,868,1585,587,47,560,224,86,403,3368
7,2015,2747,558,714,2390,188,249,923,1515,589,29,618,242,56,431,3305
7,2016,2358,513,758,2076,31,138,849,1446,417,21,638,284,37,507,2871
7,2017,2208,505,727,1961,19,126,758,1427,374,28,616,260,30,470,2713
7,2018,1846,465,709,1559,34,88,504,1256,434,29,309,247,32,461,2311
7,2019,1704,384,705,1360,14,89,442,1151,374,32,109,267,24,474,2088
7,2020,1038,229,521,739,3,38,199,803,208,19,59,228,12,308,1267
7,2021,1325,297,611,997,3,43,242,982,332,23,69,374,16,365,1622
7,2022,1665,387,798,1235,3,56,295,1257,421,23,103,562,21,485,2052
9,2006,3571,581,1328,2516,292,327,1009,2038,744,34,859,145,36,443,4152
9,2007,3539,654,1142,2779,256,364,1166,1851,770,41,856,209,28,447,4193
9,2008,3598,750,1062,2982,288,403,1300,1870,753,22,836,234,20,420,4348
9,2009,3685,700,1214,2727,433,379,1194,1927,852,33,786,235,36,422,4385
9,2010,3813,729,1081,3196,255,289,1330,2030,868,25,1034,220,91,492,4542
9,2011,3626,738,921,3145,288,284,1217,1966,857,40,1095,203,28,415,4364
9,2012,3728,639,1041,2956,363,254,1274,1953,835,51,1128,197,37,445,4367
9,2013,3399,638,1018,2703,308,230,1074,1868,827,38,965,245,33,435,4037
9,2014,3380,546,932,2638,350,163,1052,1866,806,39,861,456,31,431,3926
9,2015,3247,615,921,2638,296,191,1131,1795,718,27,903,548,18,420,3862
9,2016,2869,582,1056,2323,57,149,860,1765,647,30,811,461,17,507,3451
9,2017,2385,503,914,1949,17,103,741,1473,534,37,706,400,13,447,2888
9,2018,1862,448,792,1500,10,49,476,1219,537,29,430,387,15,405,2310
9,2019,1549,354,751,1130,16,96,361,1039,382,25,238,378,7,415,1903
9,2020,1050,227,619,649,3,64,233,726,235,19,123,203,6,309,1277
9,2021,1340,332,699,967,2,45,278,962,369,18,143,291,7,410,1672
9,2022,1741,339,869,1200,3,55,321,1178,496,30,90,635,8,446,2080
10,2006,3279,491,1158,2254,175,123,991,2103,539,14,944,125,140,344,3770
10,2007,2835,386,1150,1761,189,119,799,1814,478,11,676,130,172,374,3221
10,2008,3225,486,1143,2143,279,102,941,2021,620,27,661,173,231,367,3711
10,2009,3047,445,971,2136,259,115,813,1916,622,26,665,131,214,306,3492
10,2010,2737,397,807,1966,207,106,723,1654,625,26,523,139,185,295,3134
10,2011,2666,406,650,2042,215,130,730,1521,672,19,633,147,133,217,3072
10,2012,2510,385,600,1972,216,81,698,1401,691,24,583,132,116,226,2895
10,2013,3158,476,757,2397,335,119,770,1790,924,31,568,198,124,280,3634
10,2014,2680,427,666,2073,213,72,785,1496,725,29,568,327,89,295,3107
10,2015,2646,445,680,2039,159,92,707,1617,657,18,528,275,122,331,3091
10,2016,2458,451,744,1952,55,108,724,1470,577,30,479,311,153,344,2909
10,2017,2002,391,543,1698,17,79,548,1278,468,20,290,235,163,311,2393
10,2018,1658,296,565,1259,10,48,364,1130,391,21,203,291,193,270,1954
10,2019,1569,321,628,1034,101,59,320,1097,390,24,129,297,129,257,1890
10,2020,1009,166,450,540,2,40,163,748,210,14,63,153,30,190,1175
10,2021,1288,208,620,649,2,42,210,985,234,25,67,203,7,312,1496
10,2022,1363,237,683,743,2,47,273,941,323,16,137,201,13,358,1600
13,2006,3190,618,1170,2115,505,228,930,1860,745,44,388,247,43,380,3808
13,2007,3476,702,1159,2530,458,202,996,2084,859,35,421,237,63,405,4178
13,2008,3530,695,1078,2674,457,231,1059,1973,935,27,377,331,50,352,4225
13,2009,3871,754,976,3111,530,237,978,2100,1224,86,430,287,59,375,4625
13,2010,4186,750,956,3402,572,272,1094,2140,1359,71,663,292,63,360,4936
13,2011,5066,940,991,4212,792,330,1518,2448,1599,111,890,314,58,410,6006
13,2012,4721,907,1017,4039,561,301,1595,2321,1349,62,628,314,76,388,5628
13,2013,4883,879,1070,3930,751,243,1397,2566,1458,98,701,502,74,400,5762
13,2014,4798,843,1082,3669,884,294,1319,2492,1463,73,634,909,41,441,5641
13,2015,5120,817,1071,3953,898,266,1365,2690,1527,89,578,1038,30,509,5937
13,2016,3865,691,884,3444,208,170,990,2198,1138,60,518,975,44,419,4556
13,2017,3358,602,771,3135,39,173,896,1893,943,55,377,892,33,445,3960
13,2018,2671,531,909,2235,37,169,541,1592,845,55,337,952,34,438,3202
13,2019,2308,496,871,1886,37,201,491,1364,694,54,196,916,33,472,2804
13,2020,1440,311,839,902,3,136,305,913,365,32,54,445,7,406,1751
13,2021,1692,347,825,1198,3,62,280,1173,485,39,61,620,12,493,2039
13,2022,2155,376,1129,1386,8,116,341,1383,634,57,89,784,18,554,2531
14,2006,11094,2734,2673,9543,1537,858,3272,6833,2737,127,1089,874,67,639,13828
14,2007,11432,3087,2447,10436,1542,1009,3617,6673,3120,99,1033,949,89,683,14519
14,2008,10833,3247,2070,9807,2123,1114,3677,6115,3084,89,705,1043,75,619,14080
14,2009,11593,3411,2054,10033,2800,1180,3712,6433,3523,156,733,1174,90,572,15004
14,2010,12131,3228,2012,10352,2923,957,4069,6590,3600,143,830,1094,101,612,15359
14,2011,10449,3233,1871,9670,2096,700,3361,6122,3390,109,949,1070,80,563,13682
14,2012,10406,2922,1594,9355,2332,574,3427,5839,3357,131,1151,696,90,593,13328
14,2013,11401,2976,1879,9822,2630,527,3630,6332,3741,147,1112,1397,64,613,14377
14,2014,11924,2949,2049,10054,2747,572,3720,6777,3668,136,1126,3474,55,577,14873
14,2015,10337,2562,2108,8397,2371,644,3304,5809,3030,112,988,3400,41,551,12899
14,2016,9057,2115,2235,8220,701,483,2763,5216,2579,131,1248,2952,39,595,11172
14,2017,7810,1845,2085,7295,256,416,2233,4594,2296,116,1133,2562,37,565,9655
14,2018,6610,1487,2134,5770,167,272,1413,4147,2158,107,1132,2694,27,630,8097
14,2019,4896,1155,1686,4121,223,190,964,3009,1763,125,681,2298,36,548,6051
14,2020,2505,542,1181,1837,10,50,563,1611,782,41,276,1007,6,439,3047
14,2021,3969,793,1953,2775,15,65,608,2691,1309,89,700,1285,12,840,4762
14,2022,5094,932,2586,3384,33,92,754,3457,1619,104,807,1757,9,924,6026
17,2006,1644,301,417,1234,279,43,383,1050,442,27,93,93,87,177,1945
17,2007,1789,330,406,1376,281,48,403,1185,460,22,76,129,135,222,2119
17,2008,1505,311,426,1062,309,56,372,925,442,21,72,162,96,212,1816
17,2009,1555,311,391,1156,296,39,420,953,435,19,66,129,54,195,1866
17,2010,1627,272,384,1261,234,41,424,982,432,20,97,128,41,218,1899
17,2011,1688,311,389,1323,211,57,445,1000,474,23,132,128,34,215,1999
17,2012,1748,319,391,1386,218,64,484,986,513,20,189,123,44,256,2067
17,2013,1751,341,351,1493,209,35,466,1049,520,22,167,174,61,172,2092
17,2014,1558,411,339,1366,199,41,481,985,432,30,112,249,80,181,1969
17,2015,1217,291,337,923,183,31,338,744,364,31,104,233,31,150,1508
17,2016,1259,283,299,1130,83,43,292,793,379,35,156,248,21,186,1542
17,2017,1405,294,361,1272,57,39,314,884,399,63,161,357,24,204,1699
17,2018,1237,254,450,1016,20,40,296,762,368,25,96,462,25,214,1491
17,2019,1059,252,496,764,46,58,216,699,304,34,56,448,16,213,1311
17,2020,747,122,369,497,0,49,130,482,198,10,10,342,16,129,869
17,2021,773,166,379,551,2,13,121,540,239,26,7,258,3,214,939
17,2022,740,169,354,548,2,17,118,507,246,21,7,262,7,242,909
18,2006,3590,981,1111,3128,309,226,1109,2286,909,39,478,417,73,382,4571
18,2007,3913,923,1174,2915,708,256,1177,2422,945,35,599,440,104,393,4836
18,2008,3884,940,1152,3028,600,292,1242,2265,971,53,542,492,74,420,4824
18,2009,4380,975,1139,3333,837,295,1415,2457,1140,48,797,459,77,345,5355
18,2010,4426,1113,1001,3710,800,302,1425,2538,1229,45,896,423,72,391,5539
18,2011,4599,1088,915,3820,930,325,1495,2470,1338,59,934,449,54,392,5687
18,2012,4259,1019,1008,3481,761,222,1418,2377,1202,59,659,430,57,408,5278
18,2013,4649,970,1206,3476,920,292,1401,2582,1274,70,564,645,48,484,5619
18,2014,5123,1108,1372,3743,1093,284,1645,2828,1403,71,443,1431,49,442,6231
18,2015,4363,993,1322,3207,817,215,1379,2527,1148,87,507,1345,41,446,5356
18,2016,3863,919,1365,3250,155,215,1227,2369,910,61,602,1347,44,511,4782
18,2017,4000,937,1459,3296,164,231,1080,2460,1079,87,675,1529,43,456,4937
18,2018,3074,809,1404,2368,93,163,877,1935,854,54,288,1444,43,580,3883
18,2019,2444,664,1288,1648,151,160,664,1549,669,66,104,1279,27,465,3108
18,2020,1551,345,934,919,34,76,387,1011,398,24,39,651,20,280,1896
18,2021,2007,414,1115,1281,7,50,376,1416,544,35,59,1022,11,429,2421
18,2022,2303,607,1364,1510,19,111,501,1606,647,45,49,1426,14,455,2910
19,2006,2965,823,902,2757,107,244,830,1979,702,31,169,315,72,329,3788
19,2007,2955,743,946,2559,130,243,864,1829,719,43,175,365,178,297,3698
19,2008,2521,841,924,2305,102,209,800,1608,703,42,174,408,227,266,3362
19,2009,2441,896,1001,2203,122,263,770,1569,701,34,149,476,79,261,3337
19,2010,2334,848,866,2131,166,289,687,1519,639,48,123,403,66,301,3182
19,2011,2487,678,738,2274,141,241,681,1475,738,30,172,389,99,306,3165
19,2012,2659,751,884,2354,158,228,844,1529,773,36,180,411,149,343,3410
19,2013,2497,657,828,2184,123,178,680,1545,688,63,134,519,181,290,3154
19,2014,2330,624,768,2068,104,130,540,1378,823,83,70,847,219,293,2954
19,2015,2245,585,790,1905,119,147,594,1419,629,41,51,893,130,299,2830
19,2016,2223,682,839,2017,34,174,620,1375,672,64,57,1050,53,287,2905
19,2017,2281,579,801,2035,10,163,575,1355,708,59,101,870,46,344,2860
19,2018,1828,524,831,1488,21,180,386,1144,605,37,64,943,26,346,2352
19,2019,1906,562,928,1488,50,195,369,1210,626,68,31,1168,20,362,2468
19,2020,1234,256,718,763,3,83,175,791,420,21,9,599,9,259,1490
19,2021,1269,280,664,873,2,61,195,820,445,28,8,629,16,305,1549
19,2022,1830,366,846,1341,2,63,205,1249,651,28,17,1135,17,343,2196
20,2006,1814,350,525,1524,99,256,441,1029,415,23,159,175,89,273,2164
20,2007,1985,415,544,1701,95,201,414,1196,557,32,255,176,78,317,2400
20,2008,1896,453,588,1648,104,251,512,1002,551,32,152,221,67,279,2349
20,2009,2041,493,645,1738,134,230,572,1055,647,30,218,301,64,263,2534
20,2010,1843,431,550,1575,133,227,514,956,541,36,172,268,46,301,2274
20,2011,1739,455,365,1609,210,217,517,924,500,36,188,230,49,266,2194
20,2012,1582,448,360,1502,161,170,512,850,473,25,119,245,63,239,2030
20,2013,1671,438,355,1586,161,126,463,938,529,53,94,324,46,206,2109
20,2014,1805,444,402,1708,136,138,488,1016,564,43,74,573,60,248,2249
20,2015,1480,396,373,1402,98,137,390,860,456,33,100,532,67,191,1876
20,2016,1481,322,358,1380,60,112,429,786,448,28,92,481,60,190,1803
20,2017,1556,333,300,1538,45,101,389,909,466,24,212,494,69,173,1889
20,2018,1288,334,411,1203,3,76,280,803,433,30,70,677,40,232,1622
20,2019,1185,254,374,1018,45,58,202,695,448,36,24,640,41,217,1439
20,2020,663,85,317,425,3,18,116,370,233,11,48,281,4,108,748
20,2021,848,151,382,614,1,34,131,483,333,18,20,400,8,189,999
20,2022,956,186,488,648,1,41,152,604,310,35,12,395,10,241,1142
22,2006,609,33,57,576,9,28,92,373,145,4,106,23,3,25,642
22,2007,637,42,66,552,45,58,168,293,154,6,132,9,2,25,679
22,2008,612,42,64,552,33,42,154,305,149,4,131,12,3,27,654
22,2009,555,56,63,522,18,35,155,290,124,7,113,5,5,34,611
22,2010,690,67,73,657,25,43,184,311,210,9,187,24,2,22,757
22,2011,607,75,49,607,25,67,181,279,143,12,147,67,5,31,682
22,2012,549,37,31,542,13,34,180,240,123,9,138,21,0,22,586
22,2013,430,33,54,396,12,35,133,179,105,11,103,25,2,13,463
22,2014,371,23,42,342,9,22,98,176,95,3,61,14,3,27,394
22,2015,376,43,57,352,9,24,93,170,122,10,112,14,1,22,419
22,2016,194,28,39,177,6,15,47,113,40,7,28,17,0,27,222
22,2017,184,16,33,163,4,21,38,91,48,2,11,15,1,25,200
22,2018,129,8,52,84,1,30,29,52,25,1,22,28,2,26,137
22,2019,77,11,26,61,1,9,10,44,25,0,12,18,1,22,88
22,2020,43,7,27,22,0,1,14,28,5,2,0,17,0,18,50
22,2021,43,7,24,25,0,6,8,21,13,2,1,8,1,14,50
22,2022,74,9,45,36,2,10,21,42,8,2,1,3,1,21,83
23,2006,5292,925,1482,4015,699,518,1485,2940,1218,52,1621,125,43,653,6217
23,2007,5177,869,1556,4006,445,560,1508,2674,1256,47,1655,138,44,625,6046
23,2008,5020,940,1719,3819,402,728,1551,2461,1172,48,1598,149,42,679,5960
23,2009,5408,941,1356,4402,575,678,1695,2587,1325,64,1521,170,40,646,6349
23,2010,5300,858,1255,4245,641,639,1700,2398,1356,65,1533,157,64,631,6158
23,2011,5290,951,1226,4371,632,706,1862,2428,1197,48,1659,131,62,684,6241
23,2012,4825,871,1221,3912,556,556,1595,2209,1286,50,1471,130,53,720,5696
23,2013,4812,888,1122,3977,581,427,1532,2364,1310,67,1012,160,66,753,5700
23,2014,4620,882,1079,3862,549,323,1456,2345,1321,57,1057,273,80,675,5502
23,2015,4336,805,1142,3533,457,320,1265,2347,1156,53,1239,231,45,732,5141
23,2016,3958,818,1195,3500,67,293,1233,2224,987,39,1152,360,32,749,4776
23,2017,3431,785,1063,3126,17,260,1107,2056,758,35,1170,331,24,738,4216
23,2018,2644,704,1058,2262,12,227,713,1700,676,32,428,437,25,729,3348
23,2019,2281,539,1054,1746,10,191,529,1582,483,35,240,330,25,686,2820
23,2020,1564,374,859,1069,4,85,411,1022,392,28,142,195,11,599,1938
23,2021,1508,357,859,980,3,80,369,1107,291,18,94,168,18,614,1865
23,2022,1608,405,960,1039,1,85,357,1237,317,17,95,172,20,651,2013
24,2006,2507,431,856,1882,191,302,603,1312,700,20,764,118,41,345,2938
24,2007,3114,516,955,2356,284,331,701,1560,999,38,922,178,70,325,3630
24,2008,2807,561,836,2201,316,296,687,1424,916,45,689,171,58,369,3368
24,2009,2800,571,797,2143,417,311,750,1381,884,45,662,179,73,392,3371
24,2010,2661,485,668,2024,447,246,789,1261,817,33,532,190,51,326,3146
24,2011,2452,444,662,1842,378,281,751,1057,757,50,558,189,29,354,2896
24,2012,2663,531,764,2146,276,228,839,1215,850,62,626,200,31,360,3194
24,2013,2398,576,684,2003,276,175,697,1223,829,50,508,237,43,397,2974
24,2014,2367,476,596,1896,339,192,628,1169,797,57,450,394,51,340,2843
24,2015,2261,469,625,1707,384,172,653,1206,659,40,407,462,76,293,2730
24,2016,1958,413,560,1709,96,151,506,1078,603,33,447,429,67,313,2371
24,2017,1818,367,555,1599,25,117,488,1072,479,29,307,452,70,299,2185
24,2018,1441,362,568,1213,11,76,294,935,463,35,122,538,43,306,1803
24,2019,1136,271,507,885,12,85,234,691,365,32,63,345,40,312,1407
24,2020,1016,217,493,732,3,34,156,689,334,20,66,269,20,329,1233
24,2021,1254,252,540,958,1,43,280,784,370,29,52,327,9,360,1506
24,2022,1439,313,635,1105,8,56,188,1009,455,44,61,513,25,393,1752
25,2006,6815,983,2062,5452,254,384,1457,4287,1620,48,2250,185,135,595,7798
25,2007,7956,1101,2317,6238,430,443,1751,4626,2173,64,2546,399,170,639,9057
25,2008,7729,1123,2193,6124,497,553,1704,4418,2121,55,2637,456,159,617,8852
25,2009,7614,1171,1913,6289,540,471,1692,4324,2209,89,2429,523,198,597,8785
25,2010,8732,1228,2072,7097,765,540,2053,4641,2626,100,3034,412,163,693,9960
25,2011,7667,1273,1835,6469,615,452,1809,4004,2592,83,2995,355,132,678,8940
25,2012,8076,1316,1730,6955,691,467,1953,4243,2624,105,3333,270,143,710,9392
25,2013,8575,1247,1940,6898,943,363,1895,4682,2764,118,2963,359,113,749,9822
25,2014,8281,1408,1881,6795,989,367,1854,4787,2584,97,2938,647,89,801,9689
25,2015,6464,943,1733,4897,759,313,1519,3653,1863,59,1935,475,59,646,7407
25,2016,5642,1014,1657,4823,158,283,1504,3258,1548,63,1934,465,78,650,6656
25,2017,5434,1030,1627,4771,53,294,1400,3307,1411,52,1933,465,51,834,6464
25,2018,4456,900,1668,3636,39,166,970,2975,1180,65,1260,481,49,856,5356
25,2019,3877,816,1359,3299,21,143,719,2647,1129,55,1371,592,52,759,4693
25,2020,2396,393,958,1797,17,67,413,1560,720,29,901,176,34,486,2789
25,2021,2472,439,989,1908,2,57,500,1709,606,39,740,195,28,559,2911
25,2022,2581,474,1160,1872,5,98,416,1627,844,70,645,322,43,713,3055
26,2006,2415,360,672,1909,180,255,666,1353,479,18,557,90,38,245,2775
26,2007,2532,393,634,1946,291,277,708,1354,564,21,436,104,58,255,2925
26,2008,2773,449,700,2135,375,310,735,1442,707,28,514,165,64,255,3222
26,2009,2831,462,649,2170,452,326,830,1437,677,23,523,143,61,282,3293
26,2010,2910,489,635,2359,397,342,938,1321,775,23,549,116,48,318,3399
26,2011,2823,501,528,2364,420,328,1038,1300,638,20,563,119,37,313,3324
26,2012,3011,563,556,2569,440,363,1108,1397,686,20,667,111,43,316,3574
26,2013,3063,547,565,2445,589,296,1082,1534,661,37,525,128,55,314,3610
26,2014,2305,384,574,1743,364,242,774,1169,490,14,292,170,50,281,2689
26,2015,2093,360,573,1590,284,196,606,1098,538,15,365,183,52,204,2453
26,2016,1813,361,536,1592,42,126,605,1022,406,15,328,200,68,222,2174
26,2017,1680,291,488,1451,27,107,518,989,336,21,273,234,54,247,1971
26,2018,1458,320,638,1127,7,87,352,919,397,23,155,363,51,264,1778
26,2019,1303,302,648,931,18,144,333,821,300,7,92,373,30,277,1605
26,2020,841,175,450,560,2,70,237,511,187,11,63,181,20,205,1016
26,2021,848,157,442,556,0,45,177,592,177,14,46,140,10,264,1005
26,2022,828,204,482,545,2,54,196,566,189,27,32,125,10,254,1032
27,2007,1,0,0,1,0,0,1,0,0,0,1,0,0,0,1
28,2006,5000,873,1443,4004,410,375,1227,2813,1396,61,2070,136,15,432,5873
28,2007,4982,953,1587,3942,368,437,1120,2656,1661,61,1967,121,30,392,5935
28,2008,4852,1051,1733,3853,303,406,1157,2617,1660,63,2003,153,35,457,5903
28,2009,5672,1303,1631,4889,440,478,1410,3047,1961,79,2177,180,34,545,6975
28,2010,4897,1272,1467,4362,328,438,1221,2541,1892,77,2047,188,21,510,6169
28,2011,4567,1175,1171,4194,367,409,1197,2344,1739,53,1701,181,23,520,5742
28,2012,4834,1143,1101,4477,387,349,1327,2370,1845,86,1697,130,30,509,5977
28,2013,4750,1141,1204,4247,430,248,1109,2305,2122,107,1888,321,31,466,5891
28,2014,4382,1039,1149,3967,295,258,1026,2084,1947,106,1565,673,32,461,5421
28,2015,3409,836,988,3050,203,213,807,1780,1389,56,1021,555,25,434,4245
28,2016,3378,788,1189,2934,36,146,718,1868,1391,43,1308,469,20,521,4166
28,2017,2555,671,897,2304,16,89,523,1570,1015,29,938,555,30,425,3226
28,2018,1804,516,772,1528,11,76,348,1142,715,39,412,566,20,357,2320
28,2019,1620,489,711,1378,13,99,305,1018,642,45,344,442,26,414,2109
28,2020,1178,251,562,842,8,31,212,782,381,23,246,220,10,311,1429
28,2021,1558,365,776,1127,8,46,231,994,615,37,377,353,21,400,1923
28,2022,2109,389,1100,1389,1,56,333,1271,788,50,508,483,10,416,2498
30,2006,3931,564,1474,2827,173,378,1170,2196,716,35,1572,94,51,509,4495
30,2007,4804,673,1741,3362,298,344,1434,2648,1008,43,2093,105,45,575,5477
30,2008,3958,716,1370,3028,261,398,1204,2102,930,40,1652,144,94,483,4674
30,2009,4772,751,1315,3836,345,419,1502,2571,993,38,1916,95,95,536,5523
30,2010,3866,632,1151,3090,242,369,1390,1970,741,28,1536,107,95,558,4498
30,2011,3829,685,1010,3234,258,395,1368,1922,784,45,1597,126,62,596,4514
30,2012,3830,676,850,3358,285,355,1382,1947,797,25,1407,120,88,601,4506
30,2013,4104,695,991,3314,476,274,1357,2110,988,70,1303,134,93,568,4799
30,2014,3477,655,779,2954,381,256,1077,1881,880,38,944,141,98,588,4132
30,2015,3160,549,798,2606,296,251,984,1696,740,38,948,164,72,497,3709
30,2016,2772,482,808,2384,54,163,987,1518,551,35,1033,160,64,434,3254
30,2017,1659,338,579,1402,12,108,470,1010,392,17,226,166,48,308,1997
30,2018,1348,283,538,1071,7,71,365,869,312,14,133,154,56,385,1631
30,2019,1231,285,530,970,9,114,273,796,315,18,111,182,53,412,1516
30,2020,823,195,467,547,1,64,177,539,216,22,99,102,17,298,1018
30,2021,1210,263,575,890,0,26,259,821,337,30,171,192,30,369,1473
30,2022,1490,351,778,1042,6,69,329,995,421,27,209,291,37,453,1841
32,2006,5013,1106,2014,3795,285,490,1518,2830,1210,65,1950,146,41,735,6119
32,2007,5090,1137,1752,3994,391,498,1412,2877,1360,79,1858,167,55,730,6227
32,2008,6127,1286,1931,4870,574,666,1842,3188,1617,98,2422,180,77,900,7413
32,2009,5992,1235,1644,4689,867,689,1938,2902,1615,83,2178,185,47,829,7227
32,2010,5661,1169,1483,4606,720,744,1879,2590,1519,98,1939,191,49,915,6830
32,2011,5512,1311,1415,4530,847,564,1780,2744,1629,106,1809,169,34,847,6823
32,2012,4965,1137,1129,4420,534,525,1585,2400,1494,98,1316,205,37,793,6102
32,2013,4556,1024,1173,3893,499,412,1426,2390,1285,67,1161,190,50,797,5580
32,2014,4325,990,1092,3806,405,391,1257,2362,1237,68,1149,307,42,831,5315
32,2015,4090,1006,1207,3547,316,351,1225,2279,1158,83,1139,318,30,871,5096
32,2016,4216,971,1414,3695,59,303,1187,2464,1171,62,1354,272,42,793,5187
32,2017,3102,757,1313,2534,3,169,938,1940,757,55,727,272,43,732,3859
32,2018,2475,655,1085,2014,8,177,647,1578,691,37,362,260,64,749,3130
32,2019,2374,605,1089,1847,24,217,635,1554,535,38,304,272,45,745,2979
32,2020,1448,404,803,1035,2,90,361,1017,358,26,165,166,28,608,1852
32,2021,1880,472,1070,1269,5,75,461,1271,495,50,203,140,23,770,2352
32,2022,1820,488,1228,1059,7,109,443,1279,446,31,161,119,14,790,2308
33,2006,5131,531,1589,3888,154,447,1897,2619,673,25,2418,134,96,523,5662
33,2007,6102,638,1647,4767,279,624,2449,2892,741,34,3167,132,90,535,6740
33,2008,6040,803,1686,4858,272,567,2263,3072,901,38,3156,147,100,510,6843
33,2009,5814,724,1548,4530,408,556,2066,2921,953,42,2771,137,134,559,6538
33,2010,5372,705,1234,4497,320,471,1909,2743,918,36,2342,134,114,527,6077
33,2011,5020,684,1075,4258,345,417,1808,2486,944,49,2113,168,66,504,5704
33,2012,4433,681,977,3901,214,354,1543,2284,897,36,2113,168,75,413,5114
33,2013,4790,660,1056,4047,333,295,1532,2632,949,42,2109,156,134,487,5450
33,2014,4289,574,975,3653,222,260,1348,2277,926,52,1808,265,95,501,4863
33,2015,3699,476,947,3025,178,218,1122,2026,762,47,1098,238,137,469,4175
33,2016,3472,505,958,2940,55,179,1002,1995,765,36,1042,304,141,491,3977
33,2017,3044,453,794,2667,23,110,812,1879,655,41,792,339,148,450,3497
33,2018,2212,439,728,1871,7,76,512,1490,535,38,411,323,134,497,2651
33,2019,1883,326,792,1363,13,64,444,1262,407,32,317,277,86,452,2209
33,2020,1278,217,665,807,2,23,312,868,267,25,177,172,26,363,1495
33,2021,1644,407,914,1113,2,28,444,1177,361,41,156,406,15,573,2051
33,2022,1451,305,787,946,7,36,338,1044,308,30,137,223,21,538,1756
34,2006,5107,545,1448,3914,254,686,2117,2336,495,17,1878,144,67,485,5652
34,2007,5719,655,1586,4428,307,704,2303,2699,635,33,2165,135,135,597,6374
34,2008,5185,583,1454,4032,259,556,2118,2495,566,33,2239,178,105,557,5768
34,2009,5547,579,1396,4377,322,467,2144,2758,720,37,2324,130,99,559,6126
34,2010,5487,584,1312,4399,339,549,2029,2723,733,37,2032,165,103,593,6071
34,2011,5296,661,1336,4310,282,551,2010,2624,732,40,2043,194,112,573,5957
34,2012,5299,699,1147,4577,255,477,2001,2653,822,45,1774,195,97,575,5998
34,2013,4754,638,993,4126,241,336,1700,2559,752,45,1188,187,217,512,5392
34,2014,5097,698,888,4550,335,327,1777,2724,907,60,1566,237,273,512,5795
34,2015,3935,595,1102,3192,216,270,1345,2197,681,37,961,279,222,564,4530
34,2016,3870,584,1229,3163,46,243,1290,2265,627,29,947,225,183,598,4454
34,2017,3595,531,1099,2945,47,182,1248,2141,529,26,885,260,241,586,4126
34,2018,2685,411,967,2064,22,112,866,1712,381,25,439,237,190,560,3096
34,2019,2056,379,830,1533,52,72,612,1403,322,26,277,180,145,537,2435
34,2020,1249,220,653,798,1,56,381,820,200,12,198,125,29,368,1469
34,2021,1189,223,663,728,2,25,320,838,207,22,134,121,18,437,1412
34,2022,1577,297,849,988,10,65,441,1089,264,15,158,211,29,510,1874
40,2006,9186,1778,2622,8209,109,1045,2662,5142,2024,86,3523,254,73,1198,10964
40,2007,9367,1800,2928,8079,115,1044,2598,5334,2098,85,3571,341,87,1255,11167
40,2008,9342,1729,2822,7934,281,1095,2648,5099,2167,61,3894,283,92,1157,11071
40,2009,10130,1859,2665,8961,311,1364,3232,5147,2172,74,3899,255,104,1278,11989
40,2010,9659,1884,2553,8664,307,1204,2979,5036,2255,69,3293,325,106,1239,11543
40,2011,8958,1795,2380,8059,277,991,2782,4753,2162,65,3420,369,67,1199,10753
40,2012,9514,1805,2375,8608,280,1005,3045,5029,2169,71,3414,408,57,1443,11319
40,2013,9524,1772,2220,8811,240,911,3121,5115,2082,67,2977,442,103,1488,11296
40,2014,10625,2093,2461,9778,462,834,3274,6014,2531,65,2916,779,113,1540,12718
40,2015,10197,1919,2620,9037,419,867,3079,5635,2497,38,2410,918,109,1562,12116
40,2016,8720,1638,2809,7390,139,776,2699,4931,1887,65,2295,637,107,1656,10358
40,2017,7036,1321,2408,5909,10,519,2097,4274,1418,49,1803,540,104,1639,8357
40,2018,5520,1210,2114,4578,12,340,1469,3563,1313,45,1618,472,66,1649,6730
40,2019,5840,1258,2218,4819,42,310,1304,3874,1533,77,1740,506,69,1683,7098
40,2020,3646,733,1813,2532,8,234,992,2319,795,39,678,348,53,1345,4379
40,2021,3391,679,1707,2328,11,133,842,2355,711,29,486,342,56,1248,4070
40,2022,4760,991,2351,3350,24,260,1021,3398,1011,61,602,658,58,1556,5751
41,2006,4551,1355,1931,3821,85,514,1772,2793,799,26,1394,113,40,646,5906
41,2007,5422,1476,2265,4492,90,610,1861,3238,1122,63,1931,164,43,819,6898
41,2008,5782,1528,2293,4762,213,636,2035,3344,1254,41,2279,164,66,896,7310
41,2009,5819,1568,2132,5055,170,628,2128,3393,1197,41,2071,199,68,929,7387
41,2010,5651,1613,2083,4928,191,767,2194,3121,1134,48,1841,192,52,954,7264
41,2011,6293,1714,2411,5449,121,871,2534,3360,1196,46,1875,237,46,953,8007
41,2012,5846,1542,2289,4910,162,779,2294,3081,1193,41,1770,243,39,1159,7388
41,2013,5769,1455,2261,4815,130,613,2045,3256,1258,52,1707,269,67,1249,7224
41,2014,6028,1391,2340,4859,195,585,2126,3194,1439,75,1463,364,96,1277,7419
41,2015,5386,1145,2130,4060,287,555,2023,2844,1077,32,895,428,51,1253,6531
41,2016,5158,975,2182,3884,44,528,1939,2729,903,34,1095,314,43,1020,6133
41,2017,4085,839,1915,2966,10,287,1512,2344,759,22,853,305,24,920,4924
41,2018,3046,702,1459,2254,3,177,997,1973,574,27,542,329,31,732,3748
41,2019,2620,535,1437,1690,10,154,866,1626,476,33,321,232,23,682,3155
41,2020,1957,330,1093,1179,2,115,582,1224,341,25,205,165,15,455,2287
41,2021,1701,330,998,1019,3,104,454,1162,296,15,130,109,11,572,2031
41,2022,2434,588,1440,1561,10,136,694,1637,530,25,102,248,19,910,3022
42,2006,4607,989,1724,3815,36,616,1448,2571,910,50,2072,174,57,730,5596
42,2007,4759,1054,1894,3828,67,708,1402,2608,1047,48,2204,233,44,816,5813
42,2008,5084,1324,1834,4458,92,917,1469,2676,1295,51,2557,250,50,966,6408
42,2009,6255,1424,1885,5648,126,1084,2171,3033,1337,54,3003,270,63,943,7679
42,2010,5896,1576,1746,5594,121,1168,1982,2987,1295,40,2526,255,57,1112,7472
42,2011,5853,1356,1633,5472,77,1161,1949,2708,1353,38,2596,240,41,1014,7209
42,2012,5133,1221,1386,4863,95,809,2001,2426,1089,29,2088,209,53,973,6354
42,2013,4990,1332,1448,4772,95,640,1793,2662,1183,44,1893,293,62,1087,6322
42,2014,5113,1248,1538,4690,110,654,1633,2652,1360,62,1861,328,108,1221,6361
42,2015,4642,1071,1427,4181,91,568,1491,2481,1122,51,1404,261,70,1115,5713
42,2016,4898,1019,1565,4328,18,459,1537,2775,1104,42,1286,333,55,1209,5917
42,2017,4354,973,1428,3876,6,328,1319,2598,1035,47,1255,410,40,1097,5327
42,2018,3388,890,1311,2949,5,255,911,2134,941,37,612,341,35,1273,4278
42,2019,2977,726,1286,2392,10,161,829,1927,749,37,499,276,35,1152,3703
42,2020,2027,490,1092,1409,3,90,462,1442,485,38,171,213,16,970,2517
42,2021,2412,659,1464,1577,5,142,592,1755,541,41,280,244,18,1173,3071
42,2022,2409,785,1511,1659,0,128,587,1792,619,68,158,310,10,1228,3194
43,2006,9066,1624,2159,8437,68,1237,3176,4750,1485,41,3797,262,80,1288,10690
43,2007,10150,1927,2285,9704,57,1344,3463,5471,1717,81,4963,286,144,1508,12077
43,2008,9201,1916,1969,9006,101,1347,3133,4862,1711,63,4505,383,92,1473,11117
43,2009,9375,1891,1946,9119,144,1439,3174,4753,1832,68,3805,349,88,1492,11266
43,2010,9255,2154,1912,9339,133,1555,3551,4556,1687,60,4180,306,102,1605,11409
43,2011,10183,2198,1742,10475,111,1608,3801,5102,1799,71,3886,378,120,1790,12381
43,2012,8580,1853,1606,8562,137,1087,3121,4481,1686,58,2887,447,176,1620,10433
43,2013,6583,1544,1903,6076,119,774,2370,3597,1339,47,2025,374,181,1709,8127
43,2014,6712,1486,1930,6029,222,656,2373,3724,1390,55,1735,564,143,1750,8198
43,2015,5318,1222,1606,4815,83,628,1922,2979,963,48,1296,551,78,1513,6540
43,2016,4896,1212,1558,4512,15,498,1731,2899,945,35,1089,515,103,1457,6108
43,2017,4698,1307,1633,4345,12,399,1577,2968,1020,41,1147,632,55,1466,6005
43,2018,3807,1035,1528,3253,10,288,1161,2463,885,45,642,496,58,1487,4842
43,2019,3225,782,1418,2548,18,200,814,2123,825,45,307,579,34,1272,4007
43,2020,2593,571,1431,1688,6,169,759,1663,544,29,247,324,30,1187,3164
43,2021,2779,633,1532,1853,2,172,689,1932,571,48,149,359,35,1199,3412
43,2022,3775,804,1858,2690,4,217,911,2611,787,53,199,598,49,1407,4579
44,2006,10107,1751,3050,8590,164,1127,2911,5553,2192,67,4415,331,123,1417,11858
44,2007,11448,2220,3298,10096,172,1323,3312,6336,2604,91,5372,264,121,1386,13668
44,2008,11544,2266,3299,10177,269,1387,3580,6050,2695,96,4806,311,126,1280,13810
44,2009,12086,2185,3290,10719,194,1871,3997,5759,2544,100,4455,360,81,1394,14271
44,2010,13533,2326,3382,12200,213,2176,4509,6322,2744,108,4578,527,109,1615,15859
44,2011,12674,2404,3234,11583,188,1895,4241,6109,2718,115,4660,692,66,1555,15078
44,2012,10922,2400,2926,10181,163,1447,3739,5445,2591,100,3717,668,61,1751,13322
44,2013,10227,2267,2590,9665,188,1148,3471,5436,2353,86,2840,804,112,1861,12494
44,2014,8947,1877,2576,7907,291,891,3025,4950,1886,72,2130,1171,114,1627,10824
44,2015,8850,1600,2634,7231,545,874,3066,4676,1765,69,1842,1057,86,1501,10450
44,2016,7540,1225,2426,6108,159,605,2517,4033,1561,49,1534,761,105,1327,8765
44,2017,6108,1263,2041,5261,25,419,1992,3722,1191,47,1307,725,77,1424,7371
44,2018,5869,1254,2174,4799,108,272,1541,3757,1488,65,1106,762,64,1487,7123
44,2019,5329,1136,2411,3965,56,249,1411,3514,1222,69,606,604,38,1579,6465
44,2020,3184,624,1591,2172,7,159,829,2137,635,48,349,265,27,1196,3808
44,2021,3678,709,2008,2349,1,119,875,2532,805,56,327,403,23,1221,4387
44,2022,4778,974,2708,2990,2,239,1225,3195,1016,77,220,620,28,1649,5752
45,2006,2438,531,839,2052,47,534,785,1246,380,20,479,146,128,449,2969
45,2007,2352,575,881,1993,24,440,704,1266,494,22,548,141,139,481,2927
45,2008,2699,640,854,2355,106,554,822,1394,543,26,460,196,217,437,3339
45,2009,2673,713,835,2397,131,493,865,1417,581,30,405,191,274,484,3386
45,2010,2629,704,835,2296,193,541,851,1413,495,33,445,157,284,463,3333
45,2011,2623,783,860,2394,137,438,898,1459,578,33,543,241,223,466,3406
45,2012,2504,663,702,2198,260,371,866,1364,537,29,384,165,172,570,3167
45,2013,2210,614,655,2066,84,257,712,1298,539,18,306,243,184,498,2824
45,2014,2270,734,700,2188,108,266,764,1363,583,28,274,613,178,609,3004
45,2015,1980,881,621,2165,64,358,760,1244,484,15,251,864,108,538,2861
45,2016,2091,666,694,2042,15,259,706,1298,474,20,341,598,114,522,2757
45,2017,1957,585,630,1890,7,185,594,1254,480,29,221,541,97,557,2542
45,2018,1987,630,648,1943,13,212,584,1309,490,22,214,580,104,667,2617
45,2019,1707,528,637,1579,4,105,480,1172,456,22,99,432,114,626,2235
45,2020,1167,277,534,893,1,69,274,776,294,31,73,211,34,503,1444
45,2021,1217,285,572,908,3,34,280,873,292,23,61,218,40,520,1502
45,2022,1390,333,630,1083,3,79,305,946,372,21,31,260,71,532,1723
46,2006,10579,1717,3072,9130,62,1190,3428,5778,1838,60,4587,297,109,1246,12296
46,2007,11237,1886,3084,9913,62,1245,3602,6081,2147,46,4813,274,162,1296,13123
46,2008,11471,2181,3098,10405,116,1603,3855,5848,2289,56,5476,298,160,1314,13652
46,2009,11155,1923,2602,10329,102,1337,3785,5618,2269,69,5024,249,167,1266,13078
46,2010,9089,1504,2172,8316,84,1045,3245,4435,1824,44,4213,215,146,1215,10593
46,2011,8160,1526,2076,7392,204,892,2787,4140,1805,62,3378,185,87,1255,9686
46,2012,7460,1351,2028,6522,249,652,2520,3902,1684,53,3249,206,80,1189,8811
46,2013,6591,1262,2051,5698,80,614,2100,3555,1550,34,2231,246,121,1382,7853
46,2014,6785,1305,2307,5565,207,595,2263,3675,1525,32,2498,325,101,1503,8090
46,2015,5380,1003,1808,4359,199,437,1801,2916,1189,40,1843,266,68,1338,6383
46,2016,4779,884,2156,3457,31,410,1451,2737,1033,32,1128,287,115,1390,5663
46,2017,4462,970,1996,3380,3,385,1299,2637,1079,32,1160,247,98,1461,5432
46,2018,4675,1068,1832,3869,6,262,1259,2986,1187,49,1198,365,157,1618,5743
46,2019,3794,930,1764,2903,17,189,1017,2440,1024,54,880,354,122,1354,4724
46,2020,2813,558,1424,1915,4,179,721,1812,621,38,549,184,49,1070,3371
46,2021,2652,622,1409,1824,4,108,622,1834,667,43,269,293,37,1127,3274
46,2022,3548,891,1780,2634,2,169,880,2467,866,57,430,419,28,1481,4439
47,2006,4940,857,1608,4115,45,667,2023,2431,655,19,2306,170,56,735,5797
47,2007,6128,1017,2020,4961,114,795,2462,2991,866,30,3233,144,106,784,7145
47,2008,6435,1215,1893,5428,274,898,2460,3197,1071,19,3046,154,96,943,7650
47,2009,6456,1281,1798,5684,225,881,2461,3361,1010,24,2839,145,72,987,7737
47,2010,6621,1123,1679,5785,259,1053,2476,3220,963,32,2758,180,55,1059,7744
47,2011,5822,1058,1634,4963,260,924,2185,2825,916,30,2268,170,70,1124,6880
47,2012,5441,1160,1572,4780,213,766,2257,2654,895,29,1768,196,66,1105,6601
47,2013,5644,1015,1762,4567,272,630,2126,2896,978,29,1082,284,95,1239,6659
47,2014,5555,1035,1685,4564,325,540,1989,3007,1016,38,1488,393,102,1192,6590
47,2015,4771,969,1546,3909,245,493,1700,2612,907,28,1111,363,82,1213,5740
47,2016,4635,929,1758,3733,49,389,1481,2703,962,29,854,452,99,1302,5564
47,2017,4607,963,1958,3589,5,356,1422,2784,963,45,759,546,162,1317,5570
47,2018,4223,959,1703,3432,4,225,1153,2811,943,50,633,394,155,1513,5182
47,2019,3692,874,1764,2779,16,233,992,2484,804,53,395,345,114,1419,4566
47,2020,2561,579,1316,1807,1,124,672,1840,477,27,188,198,64,1220,3140
47,2021,2777,712,1449,2001,3,108,678,2118,541,44,139,250,87,1302,3489
47,2022,2960,743,1546,2125,11,141,647,2259,609,47,55,308,49,1361,3703
48,2006,4536,931,1716,3670,65,513,1371,2711,852,19,1842,201,42,912,5467
48,2007,6549,1297,2241,5459,124,725,1845,3827,1415,33,2310,185,67,1268,7846
48,2008,5793,1256,2168,4675,187,705,1726,3259,1319,39,2300,160,83,1090,7049
48,2009,6022,1395,2450,4825,131,791,1851,3322,1403,50,2269,211,92,1154,7417
48,2010,6224,1532,2403,5205,132,859,2043,3355,1447,52,2216,243,64,1231,7756
48,2011,5438,1293,1987,4628,105,730,1761,2881,1319,40,2216,231,65,1010,6731
48,2012,5553,1176,1959,4637,119,586,1828,2904,1353,58,2495,325,84,1117,6729
48,2013,5797,1378,2095,4961,95,546,1716,3259,1593,61,2393,357,129,1233,7175
48,2014,5571,1153,1894,4732,86,489,1603,3137,1451,44,2127,398,130,1313,6724
48,2015,5080,1053,1860,4076,185,493,1638,2854,1109,39,1676,333,103,1299,6133
48,2016,4789,929,1897,3782,18,385,1463,2678,1141,51,1493,442,117,1176,5718
48,2017,4127,882,1532,3455,6,341,1233,2481,912,42,939,453,81,1212,5009
48,2018,3707,897,1266,3286,3,293,1094,2349,836,32,668,347,62,1189,4604
48,2019,2857,694,1254,2273,10,221,770,1896,639,25,454,274,38,1056,3551
48,2020,2027,463,1043,1422,1,126,496,1419,431,18,240,181,19,885,2490
48,2021,2003,508,1140,1342,4,138,507,1383,454,29,256,167,21,877,2511
48,2022,2483,608,1293,1763,5,123,585,1818,532,33,141,333,21,992,3091
49,2006,2293,418,756,1888,47,392,748,1200,357,13,485,169,30,454,2711
49,2007,2529,436,808,2026,99,429,881,1273,365,16,577,186,50,460,2965
49,2008,2560,474,807,2070,141,513,889,1220,400,12,567,168,58,486,3034
49,2009,2717,536,911,2226,95,461,901,1406,470,15,613,149,57,544,3253
49,2010,3130,709,1082,2603,145,582,1154,1523,562,18,673,194,41,761,3839
49,2011,2915,604,925,2462,101,463,1014,1471,550,21,540,202,21,741,3519
49,2012,3217,705,897,2856,141,443,1133,1626,683,37,649,149,42,779,3922
49,2013,3760,688,756,3539,117,430,1267,1986,730,35,818,264,56,748,4448
49,2014,3526,717,855,3220,144,346,1260,1893,716,28,715,398,57,725,4243
49,2015,3096,586,845,2639,132,291,1055,1662,644,30,540,345,32,655,3682
49,2016,3124,670,960,2765,16,309,1070,1798,580,37,749,318,44,752,3794
49,2017,3079,678,942,2747,6,244,1030,1839,608,36,731,383,46,678,3757
49,2018,2718,626,933,2326,12,159,687,1855,600,43,312,346,56,815,3344
49,2019,2254,545,976,1756,8,152,584,1573,454,36,187,320,42,825,2799
49,2020,1531,288,703,1033,1,111,338,1056,295,19,70,291,17,557,1819
49,2021,1433,242,727,854,0,94,333,941,282,25,40,186,20,541,1675
49,2022,1981,369,961,1273,5,91,446,1300,484,29,55,280,21,725,2350
50,2006,1627,275,568,1295,27,351,554,778,214,3,325,90,79,334,1902
50,2007,2217,337,793,1703,21,353,738,1085,360,17,634,95,69,433,2554
50,2008,2162,380,633,1872,17,413,663,1080,369,17,513,127,68,410,2542
50,2009,2537,442,736,2205,27,388,934,1257,387,13,737,133,32,456,2979
50,2010,1942,374,568,1712,29,373,613,989,316,25,368,147,38,470,2316
50,2011,2113,425,609,1885,18,344,836,992,345,21,521,166,69,450,2538
50,2012,1791,379,545,1598,17,205,634,985,330,16,416,134,58,458,2170
50,2013,1673,405,484,1565,14,162,601,972,319,24,405,156,75,402,2078
50,2014,1788,341,498,1595,31,163,673,963,313,17,458,186,66,438,2129
50,2015,1658,328,521,1432,15,130,600,957,288,11,530,167,47,372,1986
50,2016,1750,308,519,1484,7,159,647,970,271,11,509,199,44,393,2058
50,2017,1343,284,472,1129,3,102,446,817,251,11,355,194,56,367,1627
50,2018,1060,260,429,867,3,76,296,700,231,17,160,184,38,358,1320
50,2019,1161,219,520,831,5,53,274,799,238,16,112,264,31,343,1380
50,2020,907,202,366,713,3,35,239,612,209,14,41,242,8,369,1109
50,2021,1121,200,477,814,3,55,267,733,255,11,54,241,16,332,1321
50,2022,1400,233,631,969,7,69,322,939,274,29,57,330,27,461,1633
52,2006,6404,1335,2434,5232,57,865,2205,3605,1034,28,3126,319,51,875,7739
52,2007,8058,1476,2905,6456,119,954,2576,4593,1367,43,3512,323,101,989,9534
52,2008,7583,1485,2739,6058,242,850,2466,4375,1325,52,3175,400,93,1069,9068
52,2009,7843,1570,2650,6522,222,1019,2576,4289,1489,40,3492,383,61,956,9413
52,2010,9551,1856,2430,8751,207,1126,3447,4977,1803,54,3847,361,90,1063,11407
52,2011,8844,1846,2194,7879,569,1136,3124,4616,1760,54,3458,571,79,1122,10690
52,2012,7962,1785,2118,7108,505,836,2881,4304,1694,32,2883,675,53,1124,9747
52,2013,7748,1609,2119,6828,376,701,2744,4311,1529,72,2545,631,107,1200,9357
52,2014,7783,1597,2004,6776,577,765,2653,4217,1673,72,2419,966,93,1279,9380
52,2015,6115,1209,1907,4976,418,510,2004,3460,1299,51,1790,860,78,1154,7324
52,2016,5274,1103,1928,4374,67,464,1784,3111,968,50,1379,798,112,1280,6377
52,2017,5756,1142,2159,4705,14,441,1930,3418,1072,37,1537,791,134,1205,6898
52,2018,4879,1036,1872,4006,9,303,1504,3092,968,48,1083,864,119,1313,5915
52,2019,4130,1001,1894,3173,27,200,1134,2843,909,45,858,875,98,1209,5131
52,2020,2690,506,1367,1775,11,87,714,1803,559,33,466,384,45,927,3196
52,2021,2723,552,1424,1816,1,109,612,1879,646,29,355,457,37,971,3275
52,2022,3947,900,1585,3207,11,137,732,2877,1041,60,413,1652,68,1032,4847
60,2006,3849,765,1524,2895,176,672,1241,2070,604,26,1334,165,101,737,4614
60,2007,4108,880,1458,3206,288,642,1273,2260,758,55,1527,192,109,728,4988
60,2008,3954,854,1317,3015,459,584,1338,2090,749,47,1368,176,109,685,4808
60,2009,4351,862,1245,3417,515,603,1494,2226,846,44,1743,155,110,630,5213
60,2010,4338,752,1285,3223,561,660,1556,2050,788,36,1642,163,94,546,5090
60,2011,3822,740,1269,2766,517,522,1506,1820,688,26,1334,156,85,654,4562
60,2012,3568,574,1112,2428,592,477,1318,1728,589,30,953,134,81,535,4142
60,2013,3761,631,1104,2721,547,471,1355,1857,679,30,984,202,96,604,4392
60,2014,3928,742,1254,2844,558,400,1320,2109,804,37,1237,259,86,671,4670
60,2015,4137,837,1525,2883,533,475,1269,2314,873,43,1078,314,86,771,4974
60,2016,3784,754,1266,2915,325,398,1109,2145,838,48,816,317,74,717,4538
60,2017,3489,644,1093,2799,225,319,1043,2045,701,25,980,297,64,688,4133
60,2018,3313,567,1358,2304,200,242,931,1974,692,41,721,364,82,684,3880
60,2019,2699,495,1292,1725,160,185,694,1623,646,46,360,384,61,640,3194
60,2020,1913,306,1111,1055,44,88,450,1261,390,30,290,317,32,470,2219
60,2021,1989,345,1058,1250,15,98,409,1380,415,32,158,244,22,631,2334
60,2022,2127,418,1282,1236,21,139,436,1483,463,24,132,277,27,688,2545
61,2006,2811,471,1150,2024,92,590,968,1301,405,17,573,169,133,496,3282
61,2007,2990,524,1028,2360,103,557,1052,1411,478,15,721,112,131,588,3514
61,2008,2913,425,1077,2124,117,515,1127,1255,422,19,687,155,205,469,3338
61,2009,2935,495,957,2294,164,404,1230,1339,436,21,671,142,187,481,3430
61,2010,2649,491,807,2137,182,433,1080,1198,409,20,732,145,156,439,3140
61,2011,2695,499,782,2173,226,422,1177,1130,442,23,758,158,114,416,3194
61,2012,2803,511,915,2165,225,385,1155,1319,428,27,785,162,135,466,3314
61,2013,2855,474,1147,1925,245,325,1042,1450,484,28,603,187,131,503,3329
61,2014,2848,483,1036,2031,252,253,977,1576,489,36,638,358,112,452,3331
61,2015,2367,443,852,1753,192,214,759,1388,418,31,565,323,77,427,2810
61,2016,2214,462,833,1705,114,173,660,1357,443,43,467,354,57,432,2676
61,2017,2177,458,890,1669,58,156,590,1392,461,36,521,333,59,472,2635
61,2018,1841,390,803,1392,30,135,445,1231,390,30,276,283,52,483,2231
61,2019,1699,333,856,1140,14,116,390,1070,418,38,129,304,71,441,2032
61,2020,1189,206,708,684,1,52,259,813,256,15,70,227,29,367,1395
61,2021,1222,263,706,774,2,62,227,904,248,44,76,192,45,436,1485
61,2022,1284,249,677,839,3,45,233,946,281,28,57,260,25,437,1533
62,2006,2142,473,787,1705,102,408,643,1211,334,18,273,128,89,473,2615
62,2007,2349,491,999,1741,87,419,747,1278,377,19,432,164,109,559,2840
62,2008,2378,537,1030,1746,121,495,859,1212,333,16,462,166,102,398,2915
62,2009,2418,408,867,1778,162,410,945,1183,279,9,485,143,86,394,2826
62,2010,2130,385,788,1566,141,398,784,1041,280,12,392,117,64,380,2515
62,2011,2072,399,679,1629,153,301,752,1075,329,14,374,155,74,381,2471
62,2012,2121,355,654,1702,112,347,804,1033,285,7,521,93,99,403,2476
62,2013,2034,350,784,1453,136,235,740,1097,298,14,432,154,82,429,2384
62,2014,2430,517,854,1893,196,208,802,1412,484,41,492,371,81,640,2947
62,2015,2273,497,889,1690,180,177,671,1450,439,33,420,328,72,623,2770
62,2016,2136,413,878,1512,144,161,557,1391,412,28,409,318,55,525,2549
62,2017,1930,464,968,1353,61,151,513,1315,394,21,451,328,43,481,2394
62,2018,1381,272,609,972,60,110,317,896,301,29,142,232,41,456,1653
62,2019,1464,337,719,1007,68,194,351,927,307,22,154,315,54,431,1801
62,2020,999,164,496,650,14,68,197,692,187,19,67,197,35,345,1163
62,2021,1253,251,564,923,5,44,248,930,247,35,96,228,44,481,1504
62,2022,1484,233,683,1009,16,41,232,1065,344,35,71,401,24,486,1717
63,2006,1716,444,500,1584,67,322,657,876,289,16,233,92,74,314,2160
63,2007,2120,485,680,1843,58,313,818,1139,322,13,294,128,109,426,2605
63,2008,1895,482,733,1615,15,302,715,1038,314,8,242,145,126,407,2377
63,2009,1785,497,625,1633,14,367,744,899,256,16,302,154,77,410,2282
63,2010,1848,453,620,1612,53,299,787,931,270,14,422,153,91,386,2301
63,2011,1994,449,760,1563,110,309,866,964,293,11,431,155,78,376,2443
63,2012,2010,489,914,1507,73,305,822,1063,299,10,404,170,59,403,2499
63,2013,1862,477,843,1427,60,193,721,1027,379,19,325,284,64,365,2339
63,2014,1788,489,758,1444,62,174,692,1046,335,30,366,453,100,349,2277
63,2015,1789,394,782,1307,79,162,587,1077,339,18,267,412,68,385,2183
63,2016,1853,441,761,1437,64,155,651,1122,340,26,338,399,53,312,2294
63,2017,1621,375,729,1215,34,121,490,1046,318,21,239,294,58,340,1996
63,2018,1595,456,739,1283,20,160,478,1045,340,28,151,413,48,315,2051
63,2019,1385,387,753,1004,10,114,433,904,307,14,49,410,39,303,1772
63,2020,1087,270,662,691,1,109,272,698,255,23,26,375,18,293,1357
63,2021,1214,278,645,840,2,79,365,773,259,16,29,286,35,345,1492
63,2022,1525,345,791,1069,4,82,409,1037,323,19,25,461,27,371,1870
66,2006,1784,226,698,1223,71,298,579,869,241,23,365,67,52,466,2010
66,2007,1770,238,730,1178,88,309,512,905,264,17,312,69,73,437,2008
66,2008,1536,288,647,1095,73,301,492,772,245,14,166,61,75,406,1824
66,2009,1514,242,561,1101,87,236,488,782,239,11,204,63,58,442,1756
66,2010,1594,243,603,1134,91,221,509,818,275,14,317,99,61,388,1837
66,2011,1397,254,511,994,139,166,456,731,279,19,209,68,49,376,1651
66,2012,1518,251,556,1063,137,141,471,861,283,13,171,88,46,391,1769
66,2013,1617,254,602,1110,152,129,455,955,312,20,189,139,71,386,1871
66,2014,1739,245,564,1255,160,97,507,1012,342,26,202,264,80,400,1984
66,2015,1817,221,580,1287,162,127,552,1027,310,22,251,256,91,382,2038
66,2016,1827,204,636,1238,137,98,485,1082,340,26,317,239,76,341,2031
66,2017,1375,193,475,1030,50,76,338,880,256,18,212,233,70,334,1568
66,2018,1129,164,498,771,16,74,284,706,209,20,136,182,52,308,1293
66,2019,1069,183,585,657,6,63,233,701,239,16,72,204,49,332,1252
66,2020,827,145,451,510,5,26,180,563,189,14,18,193,34,294,972
66,2021,977,153,488,631,0,28,193,618,276,15,19,192,41,368,1130
66,2022,1223,208,582,829,13,37,224,796,352,22,30,263,36,414,1431
67,2006,5743,847,1827,4391,312,725,1876,2987,951,49,1707,210,110,1269,6590
67,2007,6261,997,2040,4861,239,713,2266,3296,954,29,2423,274,87,1212,7258
67,2008,5390,918,1890,4077,309,584,1895,2830,957,42,1866,253,81,1221,6308
67,2009,6148,890,1964,4604,394,622,2096,3281,994,45,2036,244,76,1178,7038
67,2010,5706,892,1802,4371,373,580,1944,3048,1006,20,1935,205,94,1050,6598
67,2011,5673,925,2011,4190,341,626,1867,3018,1047,40,2023,180,90,1247,6598
67,2012,6252,1075,2018,4816,436,608,1942,3476,1264,37,1562,217,99,1273,7327
67,2013,5925,1068,1960,4524,380,492,1784,3434,1214,69,1490,222,164,1326,6993
67,2014,6283,1228,2096,4821,323,465,1852,3748,1386,60,1199,333,195,1462,7511
67,2015,5718,1036,2129,4061,397,369,1725,3324,1259,77,903,369,151,1352,6754
67,2016,4813,1019,2541,3030,187,327,1381,2971,1077,76,671,320,138,1285,5832
67,2017,4243,831,2130,2825,96,312,1259,2555,896,52,741,270,72,1147,5074
67,2018,3956,780,2053,2582,79,183,1013,2539,928,73,588,282,93,1098,4736
67,2019,3333,705,1802,2171,53,175,902,2129,739,93,277,313,53,996,4038
67,2020,2170,442,1427,1174,5,92,609,1376,487,48,161,153,22,769,2612
67,2021,2471,548,1663,1342,4,83,693,1672,516,55,90,169,30,969,3019
67,2022,2537,565,1683,1401,7,138,620,1712,575,57,72,174,28,1048,3102
68,2006,1577,369,575,1298,53,271,508,910,243,14,342,94,139,354,1946
68,2007,1870,364,708,1426,78,258,597,1031,335,13,563,91,144,317,2234
68,2008,1818,388,611,1487,81,313,655,950,265,23,356,106,136,358,2206
68,2009,2041,422,511,1849,83,320,795,1060,278,10,399,108,229,345,2463
68,2010,1996,480,526,1849,80,321,770,1035,332,18,520,136,145,303,2476
68,2011,1925,388,536,1711,46,258,793,978,277,7,540,130,108,288,2313
68,2012,1718,349,495,1515,49,173,709,854,317,14,384,121,187,278,2067
68,2013,1884,409,623,1575,80,149,652,1094,377,21,383,191,209,302,2293
68,2014,1928,388,625,1595,81,147,612,1121,417,19,411,348,162,344,2316
68,2015,1843,301,595,1450,88,141,566,1068,356,13,372,276,98,338,2144
68,2016,2297,328,569,1858,152,180,790,1269,367,19,727,279,116,346,2625
68,2017,2537,361,808,1920,116,168,744,1526,437,23,863,228,119,299,2898
68,2018,2204,298,951,1493,32,53,571,1388,464,26,565,231,107,321,2502
68,2019,1808,252,760,1234,43,56,368,1161,440,35,246,206,114,315,2060
68,2020,1198,155,543,795,4,26,283,770,259,15,204,141,60,238,1353
68,2021,1316,133,487,950,6,36,231,905,266,11,169,148,43,262,1449
68,2022,1349,191,472,1053,4,33,270,960,261,16,78,287,58,312,1540
69,2006,2355,415,785,1872,104,374,910,1171,299,15,800,91,75,475,2770
69,2007,2440,482,785,1963,151,376,987,1222,329,8,910,64,66,520,2922
69,2008,2305,542,840,1874,121,383,904,1205,343,12,674,102,67,530,2847
69,2009,2259,466,733,1787,199,306,914,1129,363,13,620,98,76,436,2725
69,2010,2535,468,747,2047,193,392,959,1264,378,10,662,74,65,499,3003
69,2011,2677,481,826,2045,277,360,985,1331,475,7,679,72,55,458,3158
69,2012,2685,552,836,2106,288,437,1026,1333,420,21,567,96,51,567,3237
69,2013,2606,506,754,2057,290,281,926,1398,484,23,409,95,54,561,3112
69,2014,3140,648,953,2309,500,297,1119,1735,603,34,506,168,89,567,3788
69,2015,2448,537,775,1871,310,291,811,1371,499,13,314,152,66,544,2985
69,2016,2306,495,922,1696,117,208,863,1283,422,25,405,124,45,492,2801
69,2017,2406,445,991,1743,98,187,803,1413,430,18,483,144,104,419,2851
69,2018,1816,360,844,1243,75,133,569,1108,348,18,253,190,39,442,2176
69,2019,1246,279,657,816,48,91,415,781,216,22,79,157,46,403,1525
69,2020,850,184,538,487,5,74,301,510,142,7,47,84,25,340,1034
69,2021,1110,275,671,707,4,48,394,757,171,15,48,79,28,396,1385
69,2022,1414,355,834,904,16,84,450,956,259,20,35,126,24,525,1769
70,2006,4592,843,1787,3461,158,576,1590,2442,795,31,1561,199,92,898,5435
70,2007,4950,850,1941,3647,170,730,1765,2464,811,28,1793,177,95,922,5800
70,2008,4830,920,1756,3756,205,737,1748,2485,760,20,1366,233,116,980,5750
70,2009,4962,1050,1602,4080,305,810,1783,2555,840,24,1190,255,92,845,6012
70,2010,5302,984,1498,4341,412,788,2018,2689,760,31,1465,220,78,874,6286
70,2011,4597,1003,1378,3878,327,669,1808,2330,767,26,1542,223,44,746,5600
70,2012,4275,833,1284,3353,450,536,1631,2186,724,31,1335,211,25,748,5108
70,2013,4355,798,1291,3291,511,470,1356,2500,790,37,941,291,46,759,5153
70,2014,4458,943,1301,3525,449,377,1412,2688,882,42,664,626,62,796,5401
70,2015,3614,770,1394,2561,374,509,1138,2029,672,36,452,565,55,746,4384
70,2016,3161,679,1312,2270,233,310,1044,1809,654,23,463,567,86,684,3840
70,2017,3370,675,1335,2548,142,299,1081,2016,620,29,707,558,86,743,4045
70,2018,3210,664,1351,2393,107,243,861,2013,708,49,525,520,76,742,3874
70,2019,2452,568,1247,1695,50,118,645,1622,593,42,207,494,65,647,3020
70,2020,1614,321,990,936,7,93,361,1045,403,33,163,275,32,570,1935
70,2021,1636,338,1075,892,3,76,330,1159,356,53,86,295,13,649,1974
70,2022,2000,434,1246,1168,11,78,444,1436,436,40,120,331,23,716,2434
71,2006,4230,720,1404,3295,228,637,1430,2135,719,28,1729,117,51,821,4950
71,2007,4828,872,1597,3559,464,803,1523,2452,882,39,1786,171,53,939,5700
71,2008,4113,803,1405,2993,473,688,1303,2129,760,36,948,157,53,1036,4916
71,2009,4535,711,1349,3240,621,640,1506,2263,810,27,1150,150,53,938,5246
71,2010,5027,800,1384,3743,675,652,1668,2508,950,49,1516,126,42,960,5827
71,2011,4943,781,1305,3684,667,687,1540,2473,992,32,1780,137,36,782,5724
71,2012,4331,681,1284,3116,563,614,1437,2103,820,38,1334,161,33,709,5012
71,2013,4244,677,1345,3033,437,478,1223,2264,913,43,1023,234,40,819,4921
71,2014,4330,745,1343,3168,442,450,1162,2411,1000,52,933,296,57,874,5075
71,2015,3985,748,1280,2843,534,405,1156,2240,884,48,726,232,55,784,4733
71,2016,3635,681,1267,2660,317,252,916,2104,981,63,825,234,35,693,4316
71,2017,3218,581,1150,2406,185,272,792,1833,857,45,736,251,35,665,3799
71,2018,2578,494,1132,1854,67,163,572,1596,696,45,486,201,30,702,3072
71,2019,2179,395,1198,1326,46,165,559,1315,505,30,169,190,34,641,2574
71,2020,1236,232,770,689,6,75,366,753,262,12,99,178,16,426,1468
71,2021,1567,327,893,989,3,64,388,1066,329,47,78,138,22,534,1894
71,2022,1717,350,998,1043,20,65,422,1171,364,45,70,130,25,622,2067
72,2006,3684,587,1086,2948,211,357,1117,2113,654,30,1392,96,176,601,4271
72,2007,3797,622,1063,3001,315,381,1243,2174,600,18,1361,124,147,685,4419
72,2008,3445,591,1307,2413,295,418,1046,2011,533,28,1027,127,121,637,4036
72,2009,3264,514,1157,2352,246,358,1140,1766,494,20,1145,116,81,583,3778
72,2010,3535,463,1103,2567,292,478,1175,1813,515,17,1179,118,89,544,3998
72,2011,3180,451,1007,2202,399,310,1082,1680,539,20,1026,161,80,541,3631
72,2012,3111,444,913,2375,247,309,1063,1645,516,22,953,130,134,596,3555
72,2013,3057,493,998,2275,268,273,909,1785,555,28,672,181,173,541,3550
72,2014,3092,497,962,2381,238,212,986,1826,541,24,602,285,200,555,3589
72,2015,2727,416,950,1985,184,164,788,1649,512,30,502,229,160,527,3143
72,2016,2824,436,979,1990,232,168,763,1740,570,19,474,257,129,599,3260
72,2017,3205,543,1063,2394,243,179,801,2036,704,28,566,311,114,592,3748
72,2018,2770,516,1076,2028,134,134,679,1782,649,42,429,356,105,559,3286
72,2019,2684,467,1170,1811,141,101,563,1832,613,42,221,477,137,549,3151
72,2020,1730,297,788,1188,25,52,349,1198,391,37,103,316,68,519,2027
72,2021,1720,331,817,1209,9,49,325,1235,415,27,164,311,35,514,2051
72,2022,2096,332,1011,1373,19,72,347,1506,463,40,125,492,46,583,2428
73,2006,7664,1417,2388,5399,1264,992,2260,4113,1678,37,3208,299,34,1013,9081
73,2007,9198,1767,2535,6644,1708,992,2857,5024,2036,55,4005,262,84,1059,10965
73,2008,9425,1867,2424,7106,1712,1141,2895,5042,2153,60,3814,214,66,1069,11292
73,2009,10403,2149,2312,8490,1716,1213,3235,5556,2471,77,4382,257,62,1295,12552
73,2010,11040,2069,2502,8968,1610,1266,3593,5701,2479,70,4519,207,68,1285,13109
73,2011,11976,2350,2795,9962,1552,1465,3835,5991,2919,116,4781,304,44,1324,14326
73,2012,10418,2334,3142,8177,1387,1309,3413,5331,2603,96,3141,264,39,1559,12752
73,2013,9072,1946,2756,6827,1393,1106,2849,4782,2192,89,1909,317,79,1441,11018
73,2014,8733,1761,2652,6220,1562,827,2655,4635,2297,80,1969,484,85,1406,10494
73,2015,7517,1443,2448,5395,1023,732,2180,4025,1963,60,1484,427,63,1267,8960
73,2016,6527,1331,2609,4626,549,470,1946,3767,1615,60,1035,410,71,1219,7858
73,2017,5137,1067,2186,3642,351,435,1412,2954,1353,50,1177,337,47,1165,6204
73,2018,4556,926,2240,2928,264,298,1257,2786,1094,47,892,389,48,1148,5482
73,2019,3607,802,1974,2303,118,289,1012,2311,764,33,514,293,44,1085,4409
73,2020,2307,469,1644,1092,30,163,732,1445,423,13,223,195,30,756,2776
73,2021,2108,471,1491,1049,35,120,612,1404,418,25,148,151,28,866,2579
73,2022,3176,680,1907,1808,129,155,730,2227,708,36,210,256,16,1114,3856
75,2006,10004,2200,3514,7841,798,1130,3386,5895,1739,53,4054,375,124,1589,12204
75,2007,10825,2261,3824,8312,855,1347,3740,6071,1879,47,4679,359,137,1758,13086
75,2008,11202,2471,3648,9119,847,1432,3896,6233,2055,57,4827,364,148,1853,13673
75,2009,12820,2605,3588,11016,784,1508,4479,7094,2284,60,5575,290,196,2099,15425
75,2010,12946,2559,3417,11190,858,1450,4895,6863,2225,72,5575,303,165,2132,15505
75,2011,12761,2987,3690,11222,806,1444,4755,6939,2546,64,5771,271,118,2107,15748
75,2012,12328,2904,3882,10379,916,1474,4397,6483,2785,93,4569,282,131,2229,15232
75,2013,11922,2791,3923,9632,1077,1123,4199,6460,2803,128,3708,399,186,2233,14713
75,2014,11194,2587,3824,8785,974,938,3737,6405,2596,105,3255,759,127,2241,13781
75,2015,9631,2199,3755,6964,974,887,3118,5454,2279,92,2193,905,103,1895,11830
75,2016,8180,2014,3747,5768,582,631,2771,4956,1769,67,1456,856,128,1989,10194
75,2017,6574,1570,3424,4513,176,568,2046,3959,1505,66,1310,788,116,1686,8144
75,2018,5272,1422,3013,3575,94,304,1623,3514,1200,53,811,784,103,1728,6694
75,2019,4816,1208,3187,2728,80,365,1401,3160,1038,60,578,653,72,1471,6024
75,2020,3198,595,2353,1405,21,184,881,2131,565,32,249,295,34,1037,3793
75,2021,3509,740,2656,1558,19,176,857,2440,738,38,203,514,41,1211,4249
75,2022,4680,1030,3119,2523,47,254,1045,3377,984,50,182,677,32,1601,5710
76,2006,2178,454,801,1671,145,215,550,1339,514,14,901,59,84,242,2632
76,2007,1951,373,603,1571,134,219,472,1147,468,17,856,55,86,212,2324
76,2008,1779,421,574,1489,123,243,439,1004,499,15,806,62,53,247,2200
76,2009,1751,385,530,1415,174,219,478,972,457,10,622,48,41,250,2136
76,2010,1707,369,542,1307,208,229,473,936,420,18,551,62,35,281,2076
76,2011,1519,319,496,1144,188,227,426,789,387,9,472,69,44,279,1838
76,2012,1869,358,509,1511,193,214,553,982,460,18,771,74,35,232,2227
76,2013,1514,325,462,1216,146,141,354,874,443,27,423,73,46,251,1839
76,2014,1436,327,457,1150,139,93,350,891,408,21,409,127,52,204,1763
76,2015,1380,250,373,1092,155,84,354,824,357,11,363,104,38,188,1630
76,2016,1950,348,531,1511,198,103,482,1201,474,38,548,105,59,223,2298
76,2017,2009,395,573,1583,169,102,480,1222,567,33,614,139,51,237,2404
76,2018,1756,324,613,1306,92,72,378,1113,497,20,348,120,60,245,2080
76,2019,1449,233,635,923,73,49,262,982,376,13,201,167,52,193,1682
76,2020,646,116,366,372,12,22,112,414,206,8,72,107,14,144,762
76,2021,624,148,391,375,2,26,116,449,177,4,88,70,12,178,772
76,2022,667,181,394,436,5,31,112,501,196,8,95,98,27,203,848
77,2006,5109,984,2183,3669,221,453,1409,2877,1301,52,3017,98,22,626,6093
77,2007,5410,1004,2244,3873,260,590,1435,2891,1458,40,3126,122,67,682,6414
77,2008,5421,1118,2178,4097,242,601,1463,2889,1518,68,2966,160,51,648,6539
77,2009,5535,1091,1944,4353,314,548,1543,2883,1600,52,2758,147,49,685,6626
77,2010,5966,1111,1848,4721,481,633,1770,3063,1559,52,2617,120,41,822,7077
77,2011,5918,1039,2074,4253,606,667,1715,2842,1650,83,2513,160,42,797,6957
77,2012,5235,997,1699,3828,672,510,1577,2598,1494,53,1813,143,45,880,6232
77,2013,5208,1035,1732,3727,748,360,1451,2758,1595,79,1645,168,61,895,6243
77,2014,4748,977,1680,3314,688,316,1239,2601,1494,75,1472,228,55,781,5725
77,2015,3670,717,1457,2477,377,272,943,2050,1077,45,715,235,42,698,4387
77,2016,3650,701,1751,2305,217,218,972,2077,1032,52,655,293,48,749,4351
77,2017,3690,620,1832,2271,132,262,919,2162,919,48,749,269,55,703,4310
77,2018,3133,517,1733,1818,54,220,801,1789,798,42,620,270,44,652,3650
77,2019,2514,464,1499,1445,18,155,598,1530,663,32,338,275,32,633,2978
77,2020,1818,295,1248,846,8,119,489,1119,364,22,151,131,19,532,2113
77,2021,1596,300,1112,774,6,93,365,1068,340,30,81,97,18,488,1896
77,2022,1884,388,1289,938,28,93,444,1292,391,52,72,133,19,651,2272
78,2006,1737,296,623,1235,149,271,422,970,348,21,361,114,59,293,2033
78,2007,1381,294,476,1038,138,221,330,800,311,12,320,89,50,278,1675
78,2008,1413,261,448,1045,168,164,349,798,347,15,391,92,38,221,1674
78,2009,1389,270,416,1029,199,149,364,806,327,13,358,83,25,198,1659
78,2010,1234,236,346,861,247,144,323,674,315,14,255,77,14,154,1470
78,2011,1300,194,328,887,268,160,312,665,348,9,272,79,21,166,1494
78,2012,1453,350,345,1180,268,177,371,806,434,15,243,143,22,199,1803
78,2013,1835,467,435,1521,340,187,522,1001,580,12,236,250,26,206,2302
78,2014,1804,440,469,1431,336,181,527,966,555,15,183,577,52,189,2244
78,2015,1954,466,502,1580,327,169,572,1098,562,19,241,469,35,230,2420
78,2016,1903,475,657,1523,166,157,542,1198,459,22,227,685,54,221,2378
78,2017,1688,524,543,1534,124,114,474,1060,545,19,217,646,69,240,2212
78,2018,1398,385,475,1237,52,120,298,898,443,24,132,506,72,248,1783
78,2019,1015,305,472,829,8,74,251,659,311,25,56,457,27,227,1320
78,2020,623,168,259,522,4,39,155,404,186,7,53,226,13,145,791
78,2021,764,181,405,534,5,26,151,529,226,13,23,216,11,219,945
78,2022,1065,260,549,753,18,41,211,750,303,20,25,362,16,293,1325
79,2006,5904,1039,1917,3885,1114,475,1609,3224,1580,55,2446,149,48,767,6943
79,2007,6922,1325,2160,5075,983,544,1829,3876,1920,78,3267,181,106,910,8247
79,2008,6229,1254,2191,4696,571,547,1594,3317,1952,73,2712,184,81,872,7483
79,2009,8094,1373,2069,6592,773,583,2016,4238,2567,63,3409,192,124,993,9467
79,2010,6978,1408,1800,5877,654,536,1853,3785,2126,86,2522,170,118,994,8386
79,2011,6585,1182,1779,5241,724,606,1858,3214,2011,78,2192,209,92,933,7767
79,2012,6504,1291,1763,4880,1121,608,2082,3183,1852,70,1922,168,62,1076,7795
79,2013,6613,1189,1850,4574,1340,470,1993,3417,1843,79,1732,249,73,1004,7802
79,2014,5606,967,1714,3746,1086,466,1489,2900,1666,52,1223,428,71,972,6573
79,2015,4391,696,1399,2927,727,298,1107,2334,1295,53,727,373,42,747,5087
79,2016,3817,710,1468,2598,435,235,1064,2078,1116,34,735,336,43,800,4527
79,2017,3500,620,1384,2514,187,198,834,2010,1021,57,962,285,30,687,4120
79,2018,3234,594,1658,2087,68,157,761,1890,952,68,878,271,29,642,3828
79,2019,2620,441,1344,1623,76,162,610,1534,726,29,368,384,37,609,3061
79,2020,2154,369,1344,1154,13,96,492,1359,549,27,232,327,14,551,2523
79,2021,2116,373,1307,1153,23,87,501,1372,500,29,191,255,21,609,2489
79,2022,2297,519,1333,1449,19,98,481,1598,608,31,254,355,36,710,2816
81,2006,3355,671,1430,2347,236,440,998,1793,770,24,1594,84,25,537,4026
81,2007,4060,780,1582,2858,363,450,1237,2108,1013,31,1873,104,51,601,4840
81,2008,4128,900,1552,3011,452,487,1233,2233,1044,31,1955,101,42,534,5028
81,2009,4623,1020,1515,3534,577,515,1399,2524,1167,38,1972,113,45,589,5643
81,2010,5152,1089,1368,4206,637,532,1678,2634,1344,53,1855,115,42,835,6241
81,2011,4915,1003,1387,3815,693,554,1448,2417,1445,54,1558,155,63,774,5918
81,2012,4762,1013,1500,3668,587,501,1431,2429,1373,41,1340,140,84,777,5775
81,2013,4376,963,1542,3353,431,426,1455,2297,1115,46,1165,166,68,833,5339
81,2014,3983,844,1454,2918,444,320,1242,2154,1075,36,1073,229,68,712,4827
81,2015,3280,660,1260,2344,307,299,1073,1733,812,23,695,193,30,602,3940
81,2016,3099,648,1225,2182,293,217,857,1779,849,45,642,193,42,577,3747
81,2017,2421,527,1026,1763,116,162,642,1483,632,29,445,178,41,544,2948
81,2018,1702,455,942,1160,37,112,432,1144,448,21,339,142,8,516,2157
81,2019,1524,369,962,889,33,85,383,1015,385,25,248,159,24,493,1893
81,2020,1069,212,757,514,7,58,270,644,302,7,92,122,30,346,1281
81,2021,1214,219,803,598,24,34,294,812,280,13,129,76,18,403,1433
81,2022,1372,312,878,782,16,61,390,940,279,14,89,120,24,502,1684
83,2006,5732,1164,2286,4232,336,748,1647,3475,1010,14,2408,166,76,1056,6896
83,2007,5957,1190,2287,4389,448,651,1810,3495,1167,22,2896,177,44,1009,7147
83,2008,5879,1237,2331,4391,364,746,1904,3388,1054,24,2825,165,97,956,7116
83,2009,5995,1072,1918,4732,400,850,1863,3244,1077,33,3006,122,53,939,7067
83,2010,5799,1125,1935,4534,439,726,1913,3086,1160,39,2515,164,63,932,6924
83,2011,6605,1132,1872,5346,500,728,2091,3520,1345,53,2801,152,60,951,7737
83,2012,6161,1052,1686,4971,529,568,1922,3318,1357,48,2156,164,103,1096,7213
83,2013,5435,963,1667,4144,569,444,1657,3101,1147,49,1620,205,85,1020,6398
83,2014,4745,783,1506,3491,503,326,1450,2605,1089,58,1289,319,90,885,5528
83,2015,3723,608,1328,2684,301,197,1038,2158,915,23,828,233,38,741,4331
83,2016,3153,583,1282,2281,157,178,848,1883,798,29,776,190,39,780,3736
83,2017,2835,657,1326,2068,88,154,764,1855,683,36,647,263,38,719,3492
83,2018,2530,523,1211,1802,31,113,624,1626,665,25,496,246,35,705,3053
83,2019,2269,474,1197,1516,24,88,579,1550,490,36,430,170,26,745,2743
83,2020,1579,296,980,880,12,62,365,1136,292,20,162,174,14,559,1875
83,2021,1641,353,998,967,18,67,397,1196,317,17,235,125,34,571,1994
83,2022,1956,356,1139,1137,28,91,437,1376,378,30,169,156,48,610,2312
84,2006,3294,816,1480,2238,298,429,977,1952,722,30,357,221,52,527,4110
84,2007,3268,906,1386,2331,349,449,960,2012,734,19,428,228,69,560,4174
84,2008,3437,903,1464,2360,427,431,1034,2009,839,27,464,276,58,430,4340
84,2009,3794,985,1407,2704,603,546,1160,2128,914,31,358,337,98,451,4779
84,2010,3978,1021,1411,2662,850,477,1150,2205,1124,43,336,355,93,525,4999
84,2011,4184,1036,1348,2704,1109,460,1199,2250,1253,58,352,305,45,542,5220
84,2012,3506,922,1279,2483,606,373,1114,1892,1017,32,328,317,45,494,4428
84,2013,3431,867,1278,2401,556,345,1092,1914,904,43,277,394,58,430,4298
84,2014,3538,951,1261,2606,595,393,1211,1877,957,51,241,766,43,422,4489
84,2015,3354,997,1372,2392,518,354,1103,1934,923,37,215,888,30,384,4351
84,2016,3274,1057,1290,2708,244,374,1163,1941,797,56,201,977,40,434,4331
84,2017,3370,934,1534,2469,189,277,1013,2072,899,43,201,938,46,482,4304
84,2018,2839,768,1641,1817,58,188,748,1843,773,55,150,776,32,480,3607
84,2019,2448,601,1464,1464,38,129,584,1659,649,28,140,812,24,408,3049
84,2020,1413,335,932,686,27,83,290,1000,358,17,61,381,22,306,1748
84,2021,1600,339,918,909,17,46,341,1030,492,30,63,472,12,350,1939
84,2022,2420,468,1392,1368,48,94,407,1708,644,35,73,1125,8,375,2888
88,2006,2260,631,842,1867,166,349,739,1290,503,10,906,129,32,263,2891
88,2007,2484,661,924,1943,254,318,671,1467,677,12,923,128,31,287,3145
88,2008,2178,589,935,1636,177,330,626,1209,589,13,614,145,31,290,2767
88,2009,2300,708,763,1934,300,360,725,1328,578,17,570,145,40,324,3008
88,2010,2459,661,708,2058,347,398,737,1296,669,20,568,151,31,310,3120
88,2011,2342,750,731,2153,201,342,782,1242,707,19,633,183,27,335,3092
88,2012,2574,825,755,2308,327,360,849,1392,757,41,654,165,18,416,3399
88,2013,2094,592,734,1591,353,234,611,1144,665,32,487,103,17,453,2686
88,2014,2158,563,765,1620,326,247,636,1185,624,29,399,162,27,428,2721
88,2015,1760,556,681,1353,269,194,517,1019,560,26,372,165,18,372,2316
88,2016,2010,518,830,1430,253,148,697,1093,560,30,389,141,35,375,2528
88,2017,1485,373,603,1125,111,81,406,936,412,23,312,154,21,335,1858
88,2018,1010,405,532,826,48,46,236,756,363,14,151,169,14,321,1415
88,2019,946,337,571,694,15,56,253,664,293,17,138,150,13,341,1283
88,2020,763,221,530,445,4,42,188,531,215,8,81,94,14,297,984
88,2021,719,155,456,409,6,61,147,450,197,19,52,68,11,274,874
88,2022,899,295,564,615,9,46,213,660,263,12,68,126,7,363,1194
90,2006,3481,524,1256,2462,268,448,984,1961,593,18,1260,129,41,490,4005
90,2007,3260,432,1174,2212,278,410,1003,1729,530,20,1203,115,35,489,3692
90,2008,3734,519,1220,2644,371,563,1150,1897,618,25,1299,140,103,473,4253
90,2009,3596,510,1162,2628,302,480,1161,1794,650,21,1151,133,42,467,4106
90,2010,3477,568,1134,2598,304,503,1199,1719,611,13,1139,115,50,491,4045
90,2011,4088,598,1147,3216,317,529,1448,1981,702,26,1329,184,43,520,4686
90,2012,3558,586,1018,2775,344,434,1248,1745,702,15,1131,131,60,505,4144
90,2013,3976,597,1104,2875,550,419,1342,2068,724,20,966,177,74,581,4573
90,2014,3405,482,988,2481,387,316,1119,1752,686,14,811,234,55,465,3887
90,2015,3168,440,1044,2298,256,348,988,1693,562,17,701,279,56,473,3608
90,2016,2933,511,1027,2172,216,201,893,1736,592,22,491,301,54,507,3444
90,2017,2779,492,1114,1915,220,167,787,1667,623,27,645,326,63,528,3271
90,2018,2129,410,1137,1336,49,140,587,1353,437,22,452,329,58,444,2539
90,2019,2072,381,1384,1035,25,119,582,1318,410,24,367,282,31,444,2453
90,2020,1252,203,867,573,7,56,274,825,286,14,135,157,16,333,1455
90,2021,1424,253,898,763,12,42,385,939,294,17,91,209,27,410,1677
90,2022,1896,351,1165,1059,10,111,427,1297,382,30,136,302,37,496,2247
94,2006,1356,120,370,941,143,134,335,756,244,7,182,54,176,234,1476
94,2007,1288,107,439,786,138,172,317,662,232,11,201,62,85,205,1395
94,2008,1267,144,446,866,78,181,328,668,228,6,284,65,42,266,1411
94,2009,1458,179,541,983,105,145,449,788,240,15,322,101,40,239,1637
94,2010,1661,215,617,1126,120,165,523,892,283,13,391,76,34,231,1876
94,2011,1455,182,503,1001,130,127,406,812,277,15,254,81,36,249,1637
94,2012,1596,220,541,1114,153,130,449,912,308,17,280,79,106,312,1816
94,2013,1781,242,584,1253,179,133,478,1001,397,14,284,137,142,319,2023
94,2014,1545,211,457,1173,121,102,394,916,334,10,180,188,167,242,1756
94,2015,1240,173,405,920,81,69,338,729,267,10,226,168,59,252,1413
94,2016,1254,199,403,987,49,57,348,752,280,16,207,168,34,225,1453
94,2017,1450,226,477,1150,38,59,340,944,317,16,251,238,39,240,1676
94,2018,1160,205,518,822,15,36,295,782,246,6,137,269,36,248,1365
94,2019,849,124,381,585,5,40,144,594,186,9,60,224,18,206,973
94,2020,533,90,294,324,2,9,95,373,131,15,14,119,14,149,623
94,2021,866,120,445,536,3,21,177,573,205,10,21,175,19,221,986
94,2022,1222,151,701,660,7,36,253,833,230,21,65,220,29,272,1373
100,2006,1331,290,410,1070,134,270,463,635,243,10,227,44,19,273,1621
100,2007,1440,316,442,1078,210,317,481,674,270,14,315,46,39,286,1756
100,2008,1587,317,463,1199,232,304,554,724,313,9,373,66,24,298,1904
100,2009,1727,335,514,1240,296,248,625,845,335,9,294,59,31,338,2062
100,2010,1754,346,495,1261,331,323,642,806,317,12,349,46,23,348,2100
100,2011,1758,314,574,1245,246,318,634,782,333,5,335,69,30,327,2072
100,2012,1544,331,574,1093,195,242,578,741,304,10,288,77,20,324,1875
100,2013,1578,281,588,1082,179,192,538,766,345,18,221,54,30,378,1859
100,2014,1929,429,630,1466,236,260,669,1006,401,22,240,167,30,351,2358
100,2015,1760,350,716,1159,214,201,591,881,421,16,227,157,16,323,2110
100,2016,1673,400,806,1158,81,200,498,994,363,18,147,194,18,397,2073
100,2017,1469,387,733,1082,38,146,398,892,395,25,182,226,33,365,1856
100,2018,1278,274,632,901,9,135,332,714,352,19,131,210,39,329,1552
100,2019,1056,302,568,775,12,141,258,669,271,19,84,158,13,392,1358
100,2020,709,172,485,391,3,78,169,445,174,15,33,70,9,301,881
100,2021,649,178,439,385,2,28,147,466,175,11,42,62,10,246,827
100,2022,805,187,480,506,2,94,185,480,213,20,54,137,14,286,992
101,2006,3008,411,843,2127,425,488,1164,1374,380,12,965,62,23,365,3419
101,2007,3169,510,915,2329,402,464,1206,1582,407,20,1244,53,31,424,3679
101,2008,3431,446,877,2648,327,491,1424,1517,436,9,1341,69,47,424,3877
101,2009,3314,444,794,2597,338,455,1330,1512,450,11,1040,44,38,420,3758
101,2010,3410,462,1020,2555,274,433,1338,1603,482,16,1080,65,39,432,3872
101,2011,3114,454,791,2417,352,414,1278,1396,473,7,1030,48,39,435,3568
101,2012,2907,435,887,2026,401,372,1136,1366,456,12,764,82,51,526,3342
101,2013,2917,477,933,2152,287,303,985,1533,556,17,755,89,41,545,3394
101,2014,3654,600,1045,2749,377,280,1194,2088,671,21,831,155,57,540,4254
101,2015,2648,532,1292,1630,192,269,842,1555,504,10,345,147,49,675,3180
101,2016,2353,542,1200,1581,88,243,742,1388,500,22,303,131,58,651,2895
101,2017,2189,531,1180,1453,65,190,727,1367,414,22,318,116,43,685,2720
101,2018,2196,505,1169,1474,32,230,649,1353,441,28,295,133,54,646,2701
101,2019,1675,459,1108,988,26,166,481,1066,394,27,102,139,67,719,2134
101,2020,1244,316,890,655,8,82,361,821,275,21,103,98,44,485,1560
101,2021,1142,347,846,638,1,66,270,842,296,15,66,74,61,518,1489
101,2022,1267,312,900,674,5,56,270,963,247,43,61,94,22,481,1579
102,2006,3335,504,1492,2161,132,426,1043,1863,492,13,362,210,332,748,3839
102,2007,3842,541,1620,2499,203,494,1329,2016,528,15,656,256,258,708,4383
102,2008,4065,699,1824,2673,207,485,1420,2324,520,15,694,307,265,719,4764
102,2009,3723,559,1669,2428,145,468,1271,1920,602,21,629,192,297,678,4282
102,2010,3806,578,1701,2505,150,449,1391,1961,554,29,698,259,232,730,4384
102,2011,3417,508,1636,2128,126,382,1178,1776,560,29,567,246,175,719,3925
102,2012,3383,543,1483,2283,127,366,1240,1749,552,19,506,268,207,805,3926
102,2013,3884,618,1639,2595,214,315,1351,2114,693,29,520,274,254,871,4502
102,2014,3339,577,1483,2158,239,249,1106,1919,603,39,302,453,176,814,3916
102,2015,3174,562,1518,2022,177,264,1043,1803,598,28,351,317,101,852,3736
102,2016,3754,600,1607,2554,170,232,1368,2081,633,40,571,375,97,777,4354
102,2017,3724,504,1329,2732,93,264,1309,2025,593,37,836,386,64,661,4228
102,2018,2995,501,1455,1999,26,118,918,1883,543,34,459,422,55,696,3496
102,2019,2389,425,1138,1628,19,95,667,1539,485,28,207,296,65,671,2814
102,2020,1685,249,939,982,5,75,448,1037,354,20,88,187,49,591,1934
102,2021,1878,331,1062,1131,4,49,420,1317,376,47,95,169,52,690,2209
102,2022,2144,395,1230,1157,3,69,454,1524,453,39,116,317,45,741,2539
103,2006,5790,1042,1891,4508,395,713,2085,3078,932,23,1694,231,82,794,6832
103,2007,6105,1054,1821,4472,812,710,2110,3246,1067,26,1732,249,91,735,7159
103,2008,6782,1209,1973,5047,918,774,2341,3513,1315,47,1900,278,101,850,7991
103,2009,6900,1319,1892,5089,1183,688,2602,3676,1227,26,1690,247,142,835,8219
103,2010,7250,1360,1871,5310,1377,735,2782,3682,1378,33,1835,198,122,861,8610
103,2011,7122,1300,1796,5367,1158,671,2718,3623,1375,35,1821,230,108,966,8422
103,2012,7280,1327,2067,5071,1250,741,2634,3727,1469,36,1676,217,76,943,8607
103,2013,8294,1469,2579,5862,1041,724,2699,4545,1725,70,1637,420,109,1093,9763
103,2014,8316,1567,2240,6349,969,579,2717,4649,1878,60,1620,616,106,1107,9883
103,2015,7452,1527,2133,5605,1040,573,2438,4065,1836,67,1555,504,89,1038,8979
103,2016,5385,1103,2001,4161,243,370,1822,3065,1180,51,1398,374,65,817,6488
103,2017,4172,770,1632,3227,65,254,1244,2507,896,41,1015,335,81,852,4942
103,2018,3455,677,1607,2440,63,214,1006,2097,777,38,634,306,48,870,4132
103,2019,3372,678,1610,2400,29,154,911,2176,767,42,493,418,46,941,4050
103,2020,2545,448,1518,1451,16,110,583,1693,572,35,437,351,47,735,2993
103,2021,2685,556,1657,1570,2,76,625,1847,646,47,429,318,29,874,3241
103,2022,3331,799,2103,2008,8,144,733,2469,730,54,426,361,38,1059,4130
104,2006,3476,506,1465,2357,119,440,1176,1889,457,20,1054,165,111,462,3982
104,2007,3059,486,1173,2105,198,435,978,1598,510,24,911,147,89,514,3545
104,2008,3243,533,1038,2514,179,474,1046,1766,476,13,832,180,138,531,3776
104,2009,3673,664,1139,2976,200,600,1219,1928,562,28,1033,193,108,679,4337
104,2010,4297,762,1317,3533,172,750,1466,2185,639,19,1199,162,119,789,5059
104,2011,4122,696,1080,3607,114,685,1536,2008,573,16,1168,167,103,763,4818
104,2012,3857,704,1035,3383,116,559,1313,2040,623,26,952,172,139,729,4561
104,2013,3784,637,1056,3165,176,387,1178,2139,668,49,807,240,146,700,4421
104,2014,3775,607,1026,3071,260,269,1202,2190,680,41,726,391,146,701,4382
104,2015,3002,541,949,2419,157,224,948,1746,579,46,525,349,86,593,3543
104,2016,2534,464,915,1971,101,211,726,1527,508,26,308,363,105,619,2998
104,2017,2537,456,933,1941,111,190,784,1514,480,25,399,364,88,589,2993
104,2018,2185,439,929,1656,27,113,591,1428,464,28,393,390,73,577,2624
104,2019,1813,425,819,1379,27,115,432,1264,400,27,159,412,78,546,2238
104,2020,1528,373,735,1148,14,55,343,1069,406,28,106,288,64,616,1901
104,2021,1532,365,741,1139,4,34,320,1130,381,32,66,215,75,622,1897
104,2022,1616,363,897,1066,6,87,329,1164,366,33,63,231,57,611,1979
105,2006,4278,706,1497,3333,110,499,1497,2337,624,25,1194,131,62,784,4984
105,2007,3785,701,1457,2780,98,482,1377,2024,581,22,1154,170,65,723,4486
105,2008,3292,639,1227,2580,94,384,1293,1768,467,19,1145,161,68,715,3931
105,2009,3868,680,1350,3001,157,425,1497,2016,588,22,1228,170,114,778,4548
105,2010,3931,671,1357,3034,174,378,1552,2037,617,18,1209,172,108,755,4602
105,2011,3862,733,1548,2878,136,432,1445,2077,617,24,1207,208,89,797,4595
105,2012,3764,722,1577,2716,153,431,1426,1986,622,21,1134,179,108,717,4486
105,2013,4303,777,1590,3214,174,337,1581,2366,745,51,866,197,124,885,5080
105,2014,4169,782,1808,2951,143,265,1445,2406,797,38,793,257,117,905,4951
105,2015,3164,773,1661,2108,143,183,1072,1990,665,27,473,245,102,904,3937
105,2016,3007,792,1445,2155,145,190,1042,1895,634,38,359,228,101,887,3799
105,2017,3153,746,1573,2187,106,193,1059,2013,606,28,502,282,92,870,3899
105,2018,2564,631,1427,1715,26,148,714,1718,561,54,255,238,71,933,3195
105,2019,2154,556,1231,1442,18,122,623,1436,490,39,130,216,68,883,2710
105,2020,1682,400,1062,1003,1,92,401,1211,344,34,59,181,33,724,2082
105,2021,1736,402,1179,943,3,82,471,1188,372,25,54,162,32,704,2138
105,2022,2168,516,1376,1169,0,122,497,1560,456,49,56,160,44,863,2684
106,2006,2952,370,948,1996,344,448,950,1473,431,17,533,128,170,535,3322
106,2007,3514,435,1165,2313,391,464,1164,1800,505,16,956,131,169,569,3949
106,2008,3038,403,947,2175,286,371,1121,1519,416,11,789,135,115,514,3441
106,2009,3272,429,892,2315,460,375,1106,1671,530,19,697,145,135,495,3701
106,2010,3363,404,944,2348,448,364,1157,1704,528,14,690,159,127,519,3767
106,2011,3286,442,920,2319,464,387,1151,1590,588,12,662,123,101,512,3728
106,2012,3455,497,984,2376,567,365,1239,1643,680,25,480,191,159,552,3952
106,2013,3871,532,1277,2495,577,425,1339,1871,738,30,520,233,143,614,4403
106,2014,3237,537,1194,2077,448,258,1015,1681,792,28,374,358,130,634,3774
106,2015,2946,475,1241,1899,245,240,977,1570,594,40,417,384,88,531,3421
106,2016,2909,445,1262,1906,163,203,975,1522,615,39,415,364,119,513,3354
106,2017,2537,373,1193,1611,91,192,749,1373,558,38,353,303,64,611,2910
106,2018,2388,389,1084,1642,25,114,595,1470,547,51,205,280,70,682,2777
106,2019,2039,380,1087,1306,12,117,558,1233,455,56,176,258,51,690,2419
106,2020,1464,271,910,812,7,97,349,896,363,30,54,260,41,576,1735
106,2021,1625,294,956,950,4,42,324,1085,428,40,49,202,61,676,1919
106,2022,1954,363,1161,1140,8,84,413,1293,480,47,72,372,52,727,2317
107,2006,2847,536,913,2292,135,585,985,1391,393,28,330,121,69,468,3383
107,2007,2526,484,821,1829,185,501,875,1254,358,21,322,137,60,420,3010
107,2008,2603,495,782,2105,172,436,969,1305,369,19,283,160,82,478,3098
107,2009,2998,464,680,2477,256,436,1147,1403,455,21,445,136,122,475,3462
107,2010,2871,548,835,2287,229,535,1127,1269,462,26,487,175,108,478,3419
107,2011,2591,510,682,2160,215,448,1085,1159,383,26,544,114,64,413,3101
107,2012,2682,433,820,2126,115,465,966,1286,372,26,563,190,90,416,3115
107,2013,2825,484,774,2303,153,408,1068,1376,430,27,603,162,111,450,3309
107,2014,2751,477,770,2276,108,362,999,1366,486,15,482,299,155,463,3228
107,2015,2383,443,714,1961,117,278,844,1236,452,16,369,292,122,420,2826
107,2016,2243,442,744,1859,42,212,863,1224,361,25,458,265,108,378,2685
107,2017,2672,470,906,2142,35,262,965,1448,432,35,444,262,153,489,3142
107,2018,1944,365,919,1364,12,148,610,1178,341,32,203,214,121,469,2309
107,2019,1648,360,901,1092,5,142,514,1008,315,29,101,236,84,495,2008
107,2020,1117,217,649,678,3,71,296,751,197,19,43,176,41,405,1334
107,2021,1426,214,842,780,8,72,314,929,305,20,33,183,40,439,1640
107,2022,1728,352,987,1048,3,107,449,1145,353,26,41,260,59,590,2080
108,2006,2932,322,840,2139,250,307,735,1665,517,29,338,152,201,494,3254
108,2007,3103,364,808,2239,357,369,883,1744,453,18,365,142,157,465,3467
108,2008,2636,361,717,1969,274,343,769,1448,421,16,266,145,158,455,2997
108,2009,2384,312,602,1819,254,273,744,1288,377,14,197,117,165,457,2696
108,2010,2646,309,625,2111,195,265,782,1421,464,23,333,101,172,518,2955
108,2011,2540,332,663,2032,156,337,813,1322,390,10,408,95,136,427,2872
108,2012,1954,310,541,1564,138,196,691,1039,324,14,258,105,122,402,2264
108,2013,2691,279,650,1943,351,214,860,1420,453,23,196,150,118,477,2970
108,2014,2484,316,633,1894,255,166,768,1404,443,19,179,238,154,453,2800
108,2015,2129,272,674,1615,101,120,619,1273,373,16,184,237,119,500,2401
108,2016,1807,235,573,1364,93,96,623,1008,300,15,188,163,102,424,2042
108,2017,1912,279,718,1420,47,102,572,1177,315,25,215,217,83,494,2191
108,2018,1706,223,559,1330,24,59,391,1103,360,16,199,193,72,405,1929
108,2019,1553,231,664,1096,13,46,382,1023,311,22,140,180,62,434,1784
108,2020,866,131,446,540,4,19,198,577,189,14,46,76,40,348,997
108,2021,1335,192,614,904,2,19,278,885,312,33,36,141,34,513,1527
108,2022,1700,281,922,1041,4,47,347,1211,353,23,41,208,38,618,1981
109,2006,4364,818,1200,3809,122,558,1284,2479,829,32,707,241,286,557,5182
109,2007,3966,850,1256,3102,265,498,1066,2375,844,33,390,262,338,599,4816
109,2008,3736,929,1268,3116,214,472,1150,2132,867,44,476,321,319,601,4665
109,2009,3935,910,1291,3320,191,512,1148,2203,918,64,570,394,244,626,4845
109,2010,4061,900,1296,3499,120,542,1342,2108,923,46,802,314,245,801,4961
109,2011,4589,1063,1428,3964,209,638,1604,2308,1042,60,1024,418,225,792,5652
109,2012,4313,1000,1478,3574,226,550,1423,2284,972,84,881,379,254,838,5313
109,2013,4279,1047,1584,3545,163,481,1277,2392,1078,98,836,519,216,855,5326
109,2014,4019,1019,1418,3440,139,472,1214,2199,1077,76,602,1015,161,902,5038
109,2015,3461,1013,1473,2773,205,374,1059,2077,896,68,576,897,161,724,4474
109,2016,3070,1179,1624,2483,103,255,939,2093,878,84,391,934,116,781,4249
109,2017,3133,929,1392,2563,75,338,870,1973,796,85,380,905,125,851,4062
109,2018,3124,860,1489,2417,34,241,834,1994,834,81,315,1053,118,698,3984
109,2019,2768,728,1330,2103,16,137,643,1853,762,101,280,866,82,680,3496
109,2020,1860,380,1078,1120,5,68,415,1140,568,49,138,456,37,595,2240
109,2021,2104,415,1061,1395,5,69,421,1344,616,69,92,534,45,593,2519
109,2022,2838,617,1538,1793,3,70,567,1952,781,85,109,779,61,781,3455
110,2006,5318,1060,1346,4077,849,775,1986,2857,730,29,728,295,298,646,6378
110,2007,5659,1207,1389,4289,1033,872,2045,3100,807,38,626,351,310,689,6866
110,2008,5376,1160,1323,4118,975,774,2039,2937,761,25,695,369,248,723,6536
110,2009,5279,1110,1111,4203,970,735,1936,2944,747,27,592,380,251,687,6389
110,2010,5204,1414,1096,4429,992,742,2056,2970,812,38,605,374,307,653,6618
110,2011,4753,1323,1122,4161,706,718,1859,2802,657,40,548,311,355,821,6076
110,2012,4600,1075,1086,3883,652,564,1669,2666,734,42,513,345,206,756,5675
110,2013,4818,1047,1166,4119,535,507,1793,2733,782,50,742,614,208,743,5865
110,2014,4530,1134,1047,4068,531,523,1770,2614,718,39,721,1189,171,782,5664
110,2015,4371,1096,1136,3941,373,518,1640,2493,755,61,632,1169,144,762,5467
110,2016,3508,949,1129,3069,229,409,1414,2021,586,27,465,995,128,709,4457
110,2017,3029,692,1096,2476,126,278,988,1833,587,35,446,709,111,724,3721
110,2018,2880,776,1172,2406,61,285,815,1940,576,40,316,838,72,880,3656
110,2019,2465,818,1109,2116,48,161,682,1795,608,37,162,927,61,856,3283
110,2020,1820,363,950,1204,12,72,505,1229,348,29,84,413,45,702,2183
110,2021,1946,433,1024,1338,6,82,466,1386,406,39,72,520,33,790,2379
110,2022,2538,633,1386,1764,10,75,635,1894,510,57,91,794,52,1040,3171
111,2006,1689,266,511,1383,39,355,563,754,267,16,189,80,145,222,1955
111,2007,1502,342,435,1294,27,283,568,732,244,17,198,91,162,201,1844
111,2008,1610,247,498,1301,24,329,599,675,243,11,257,71,173,216,1857
111,2009,1627,277,467,1394,16,217,607,779,289,12,229,86,179,209,1904
111,2010,1679,327,518,1430,35,245,627,777,338,19,316,86,147,212,2006
111,2011,1503,302,396,1354,32,237,580,713,263,12,266,68,145,198,1805
111,2012,1349,322,341,1281,19,194,514,701,249,13,230,105,261,184,1671
111,2013,1338,335,415,1209,14,198,446,709,301,19,148,117,217,188,1673
111,2014,1139,293,385,1021,13,128,420,648,220,16,172,181,219,180,1432
111,2015,1157,315,494,952,11,108,410,674,263,17,175,187,176,174,1472
111,2016,1217,355,428,1114,11,133,409,715,295,20,153,190,177,219,1572
111,2017,1131,271,396,978,15,121,339,681,236,25,128,122,169,194,1402
111,2018,848,207,322,708,10,64,242,535,193,21,74,82,112,199,1055
111,2019,759,186,351,578,2,35,190,490,201,29,51,107,87,201,945
111,2020,470,108,213,359,0,20,124,299,126,9,13,59,39,181,578
111,2021,566,134,286,403,0,20,132,355,177,16,13,46,35,186,700
111,2022,632,112,318,418,2,31,128,390,167,28,5,37,40,209,744
112,2006,2115,380,758,1611,95,278,682,1144,364,25,232,201,133,269,2495
112,2007,2017,410,717,1522,122,265,641,1098,401,22,240,265,145,274,2427
112,2008,1945,399,707,1500,100,234,606,1105,375,24,210,300,216,280,2344
112,2009,2235,437,722,1796,133,253,764,1205,422,28,345,203,221,257,2672
112,2010,2158,508,640,1877,133,294,759,1190,386,37,285,300,163,304,2666
112,2011,2046,505,604,1831,104,227,766,1094,423,41,291,374,122,256,2551
112,2012,2130,517,653,1857,117,244,682,1197,486,38,219,225,84,304,2647
112,2013,2119,569,617,1933,128,196,679,1239,530,44,155,373,78,245,2688
112,2014,1980,624,549,1917,122,181,724,1175,464,60,111,745,108,288,2604
112,2015,1811,423,593,1552,83,156,549,1059,442,28,84,575,102,264,2234
112,2016,1605,304,582,1249,57,151,447,934,347,30,112,397,85,250,1909
112,2017,1240,297,494,1013,17,127,318,793,270,29,57,385,76,237,1537
112,2018,1340,288,566,1045,7,110,289,852,334,43,24,421,108,225,1628
112,2019,1407,246,565,1075,7,114,324,838,327,50,28,332,165,237,1653
112,2020,921,142,385,672,4,31,197,591,225,19,13,196,80,164,1063
112,2021,1214,171,535,844,0,44,238,789,284,30,22,234,73,204,1385
112,2022,1402,161,661,891,1,56,235,891,343,38,17,362,52,239,1563
113,2006,4698,866,1704,3125,120,424,1341,2622,1134,42,1491,223,59,742,5564
113,2007,5297,1035,1772,3588,206,480,1532,2954,1307,59,1582,168,63,855,6332
113,2008,5236,1143,1770,3934,130,407,1670,2916,1330,56,1606,227,66,909,6379
113,2009,6426,1177,1849,4709,409,430,2169,3511,1425,68,1562,264,92,906,7603
113,2010,6135,1122,2029,4321,420,502,2045,3399,1262,49,1480,216,84,932,7257
113,2011,6034,1130,2107,4252,301,464,1841,3257,1536,66,1564,291,142,989,7164
113,2012,6464,1148,2302,4578,357,425,1927,3622,1560,78,1197,271,134,1042,7612
113,2013,6797,1244,2476,4792,301,455,2164,3846,1487,89,1181,269,153,1155,8041
113,2014,7409,1231,2501,5489,213,362,2203,4248,1728,99,1311,445,214,1152,8640
113,2015,5856,1171,2054,4437,163,244,1651,3522,1509,101,730,407,150,1087,7027
113,2016,5629,1121,2012,4254,197,267,1574,3259,1540,110,663,344,108,1088,6750
113,2017,4981,1090,1934,3884,109,239,1465,2928,1334,105,672,445,78,1067,6071
113,2018,5185,1066,2084,4035,50,206,1279,3183,1433,150,531,480,67,1014,6251
113,2019,5043,993,1885,4049,42,182,1176,3044,1477,157,352,432,85,1024,6036
113,2020,2675,642,1487,1782,9,136,720,1767,643,51,198,367,35,761,3317
113,2021,2620,603,1429,1737,2,70,690,1866,543,54,88,283,48,755,3223
113,2022,2914,707,1491,1848,5,75,686,2073,718,69,101,393,27,861,3621
114,2006,5721,894,1749,4435,339,834,1872,2962,897,45,1190,265,205,884,6615
114,2007,6483,1077,1785,5145,465,866,2246,3376,1033,39,1622,239,134,960,7560
114,2008,5286,929,1468,4174,467,637,1849,2867,831,31,1290,292,118,853,6215
114,2009,5361,810,1440,4063,561,630,1801,2824,873,43,1264,239,131,813,6171
114,2010,4890,947,1325,3939,494,691,1595,2607,905,39,1180,212,111,864,5837
114,2011,4629,936,1363,3717,419,709,1645,2306,875,30,1182,227,126,838,5565
114,2012,4522,909,1482,3460,442,516,1656,2392,831,36,1184,247,195,836,5431
114,2013,4883,889,1487,3772,465,520,1606,2748,859,39,1241,284,235,980,5772
114,2014,5022,916,1566,3905,393,411,1653,2993,841,40,1217,498,228,876,5938
114,2015,4453,812,1495,3303,377,284,1396,2697,850,38,855,532,185,941,5265
114,2016,4822,936,1511,3746,366,291,1593,2887,939,48,823,539,206,1047,5758
114,2017,4420,844,1468,3466,206,251,1232,2848,875,58,939,429,181,967,5264
114,2018,3606,675,1464,2657,81,189,1025,2379,653,35,606,358,147,886,4281
114,2019,2987,579,1384,2084,62,124,769,2051,574,48,283,399,92,831,3566
114,2020,2230,429,1186,1423,11,50,551,1502,521,35,205,380,57,710,2659
114,2021,2882,580,1399,2027,3,47,677,2029,674,35,211,439,71,950,3462
114,2022,3144,750,1653,2164,6,100,701,2434,610,49,201,435,71,1055,3894
115,2006,6767,727,1579,4376,1364,508,2326,3832,790,38,1262,178,427,949,7494
115,2007,7323,824,1653,4769,1445,543,2425,4186,950,39,1152,255,611,978,8147
115,2008,7609,806,1864,5211,1114,522,2543,4278,1025,47,1243,236,533,1006,8415
115,2009,8526,917,1809,6380,914,514,2887,4850,1156,36,1326,272,464,1129,9443
115,2010,7388,952,1704,5668,679,499,2404,4260,1105,72,1106,245,358,1149,8340
115,2011,6522,829,1552,4993,609,477,2362,3585,879,48,1101,202,329,1112,7351
115,2012,5817,803,1599,4236,642,374,2105,3263,838,40,907,205,204,1065,6620
115,2013,6090,823,1722,4496,662,362,2175,3464,858,54,1038,254,285,1105,6913
115,2014,6237,835,1608,4748,675,297,2155,3697,884,39,1081,375,318,1213,7072
115,2015,4963,757,1492,3772,427,247,1676,3013,743,41,599,385,230,1101,5720
115,2016,4375,654,1501,3312,177,209,1413,2623,736,48,590,332,217,1086,5029
115,2017,4140,699,1511,3184,117,171,1173,2656,794,45,517,426,248,1028,4839
115,2018,3678,692,1421,2875,31,150,897,2536,715,72,291,363,231,1078,4370
115,2019,3460,643,1356,2697,21,155,824,2278,784,62,223,430,164,944,4103
115,2020,2157,399,1050,1481,8,93,522,1504,415,22,145,305,90,701,2556
115,2021,2115,401,1046,1441,6,38,485,1537,426,30,106,205,82,845,2516
115,2022,2455,408,1188,1633,4,60,499,1788,472,44,92,269,93,921,2863
120,2006,5951,1375,2458,4705,125,968,2140,3262,923,31,2294,332,121,1021,7326
120,2007,6138,1507,2584,4851,139,926,2254,3338,1080,45,2574,315,142,1004,7645
120,2008,7375,1801,2649,6389,107,1051,2706,4037,1324,58,3177,428,144,1084,9176
120,2009,6947,1729,2559,5927,132,901,2731,3903,1114,27,2658,342,142,1078,8676
120,2010,7058,1739,2489,6146,115,1029,2743,3861,1119,45,2794,320,125,1241,8797
120,2011,7027,1574,2369,6112,70,1005,2626,3788,1138,44,2883,270,159,1346,8601
120,2012,6478,1372,2241,5557,18,854,2286,3635,1031,44,2080,349,158,1487,7850
120,2013,4907,1082,1884,4067,14,660,1632,2816,851,30,1366,340,126,1123,5989
120,2014,3771,783,1568,2965,9,492,1251,2091,679,41,980,464,94,943,4554
120,2015,3299,667,1493,2453,8,345,991,1926,675,29,724,359,151,811,3966
120,2016,3995,856,1778,3044,7,385,1231,2436,760,39,1046,388,151,878,4851
120,2017,3822,920,1821,2893,5,324,1130,2406,842,40,1049,466,133,872,4742
120,2018,3666,921,1800,2753,9,313,962,2355,914,43,942,507,138,926,4587
120,2019,3023,681,1799,1871,11,270,746,1984,660,44,502,403,110,768,3704
120,2020,1968,411,1258,1110,1,109,452,1344,448,26,264,257,35,554,2379
120,2021,2415,481,1519,1371,1,99,547,1730,488,32,347,243,46,664,2896
120,2022,3031,694,1677,2021,4,178,701,2154,642,50,401,347,53,832,3725
121,2013,1684,523,630,1564,5,194,673,1068,258,14,492,321,112,257,2207
121,2014,3661,1213,1194,3661,2,407,1328,2360,745,34,1179,930,210,650,4874
121,2015,2859,913,1076,2681,2,276,1025,1857,579,35,720,744,212,595,3772
121,2016,2867,882,1140,2594,3,253,1025,1798,631,42,675,709,240,501,3749
121,2017,2268,770,999,2023,1,184,790,1535,507,22,441,625,256,506,3038
121,2018,1930,679,832,1752,0,148,572,1329,532,28,300,567,258,452,2609
121,2019,1852,668,881,1625,6,98,526,1384,484,28,184,528,243,493,2520
121,2020,1453,417,846,1020,0,65,480,973,340,12,123,313,90,386,1870
121,2021,1761,414,820,1348,0,71,489,1217,378,20,144,331,85,437,2175
121,2022,1801,484,801,1479,2,89,459,1289,419,29,109,413,67,514,2285
122,2006,3076,844,815,3005,75,600,1069,1740,488,23,547,411,387,501,3920
122,2007,2807,836,880,2632,57,546,1046,1510,525,16,580,322,274,566,3643
122,2008,3468,927,1068,3287,18,667,1444,1741,523,18,1104,393,209,485,4395
122,2009,2914,852,998,2730,16,572,1162,1485,522,25,804,254,181,462,3766
122,2010,2960,1014,1030,2908,16,678,1229,1509,531,27,861,228,193,492,3974
122,2011,3008,932,1032,2874,12,605,1179,1630,502,24,964,165,258,489,3940
122,2012,2885,920,1013,2756,7,367,1251,1631,534,22,974,181,210,568,3805
122,2013,2450,597,898,2125,3,266,877,1429,456,19,760,222,224,393,3047
122,2014,1851,443,691,1594,2,203,592,1019,448,32,618,301,129,324,2294
122,2015,1522,419,594,1342,2,159,409,932,411,30,345,227,106,353,1941
122,2016,1699,477,701,1447,1,160,442,1074,465,35,382,270,129,378,2176
122,2017,1546,450,577,1390,4,159,405,938,459,35,324,271,90,366,1996
122,2018,1618,386,617,1369,1,97,327,1098,449,33,243,230,105,375,2004
122,2019,1450,383,581,1237,5,58,355,991,400,29,167,188,125,324,1833
122,2020,996,231,542,677,1,32,205,692,278,20,87,154,59,263,1227
122,2021,1086,256,540,793,2,37,233,763,285,24,134,122,59,291,1342
122,2022,1094,307,570,823,2,72,214,773,323,19,87,164,46,345,1401
123,2006,998,162,305,828,15,232,309,472,136,8,173,86,108,156,1160
123,2007,940,183,279,813,5,166,356,432,161,8,160,69,103,222,1123
123,2008,1213,220,357,1059,10,239,448,562,173,11,265,99,72,238,1433
123,2009,1295,236,368,1143,11,204,468,642,206,11,257,90,82,235,1531
123,2010,1269,221,329,1133,16,175,417,668,222,8,209,96,64,224,1490
123,2011,1233,251,313,1148,6,117,410,684,258,15,259,89,58,224,1484
123,2012,1090,274,305,1048,3,107,399,617,234,7,281,73,65,226,1364
123,2013,1218,260,369,1105,1,82,426,703,249,18,451,114,87,180,1478
123,2014,1264,291,446,1102,2,83,435,765,252,20,467,186,98,206,1555
123,2015,1170,269,400,1033,1,125,316,764,211,23,415,179,77,183,1439
123,2016,1273,295,348,1211,0,115,366,811,265,11,400,208,121,144,1568
123,2017,1308,294,336,1259,4,112,394,802,273,21,319,220,152,153,1602
123,2018,954,270,276,926,3,63,211,668,257,25,224,186,110,165,1224
123,2019,768,207,288,683,1,52,172,489,238,24,89,149,86,176,975
123,2020,600,119,227,485,1,28,114,372,190,15,32,108,44,182,719
123,2021,665,133,201,596,0,9,126,435,210,18,56,85,46,151,798
123,2022,802,162,283,671,0,58,131,483,264,28,69,132,35,221,964
